:020000040800F2
:1000000000000524719700089D240008A124000821
:10001000A5240008A9240008AD2400080000000061
:10002000000000000000000000000000E193000854
:10003000B1240008000000007194000895900008A9
:10004000C1970008C1970008C1970008C197000830
:10005000C1970008C1970008C1970008C197000820
:10006000C1970008C1970008C1970008B52400088F
:10007000B9240008C1970008C1970008C19700087B
:10008000C1970008C1970008C1970008BD24000867
:10009000C9240008C1970008C1970008C19700084B
:1000A000C1970008C1970008C1970008C1970008D0
:1000B000D5240008C1970008C1970008C19700081F
:1000C000C1970008C1970008C1970008C1970008B0
:1000D000C1970008C1970008C1970008C1970008A0
:1000E000C1970008C197000800000000C1970008F0
:1000F000C1970008C1970008C1970008C197000880
:10010000C1970008C1970008C1970008C19700086F
:10011000C1970008C1970008C1970008C19700085F
:10012000C1970008C1970008C1970008C19700084F
:10013000C1970008C1970008C1970008C19700083F
:1001400000000000000000000000000000000000AF
:10015000C1970008C1970008C1970008C19700081F
:10016000C1970008C1970008C1970008C19700080F
:10017000C1970008C1970008C1970008C1970008FF
:10018000C1970008C1970008C1970008C1970008EF
:10019000C1970008C1970008C1970008C1970008DF
:1001A000C1970008C1970008C1970008000000002F
:1001B000C1970008C1970008C1970008C1970008BF
:1001C000C1970008C197000800000000000000006F
:1001D0000000000000000000C197000800000000BF
:1001E000000000000000000000000000000000000F
:1001F0000000000000000000C1970008C19700083F
:10020000C1970008C197000800000000C1970008CE
:10021000C1970008E1240008E5240008C197000800
:10022000C197000800000000C1970008000000000E
:10023000C1970008C197000800000000C19700089E
:10024000C1970008C1970008C1970008C19700082E
:10025000C1970008C1970008C1970008C19700081E
:10026000C1970008C1970008C1970008C19700080E
:10027000C1970008C1970008C1970008000000005E
:10028000C1970008C1970008C1970008C1970008EE
:1002900000000000C1970008C1970008C19700083E
:1002A000C1970008C1970008C1970008C1970008CE
:1002B000C1970008C1970008C1970008C1970008BE
:0C02C000C1970008E9240008F52400089C
:1002D0000348044B834202D0034B03B118477047D5
:1002E0007C0000247C000024000000000548064B30
:1002F0001B1AD90F01EBA301491002D0034B03B124
:10030000184770477C0000247C0000240000000097
:1003100010B5064C237843B9FFF7DAFF044B13B14D
:100320000448AFF300800123237010BD4001002476
:1003300000000000909C000808B5054B1BB1054962
:100340000548AFF30080BDE80840FFF7CFBF00BF0E
:100350000000000044010024909C0008012821D1E5
:10036000F8B5114D2E790EB10F48F8BD0F4B04466C
:100370000F4FDB680F4B2F6083F814634FF480122C
:100380001A6002460146384604F048FF32462146CC
:10039000384604F05BFF2B79002BE5D12846AC8072
:1003A000AB71F8BD002070475C01002400ED00E057
:1003B0007403002400E100E02DE9F0418AB00D460D
:1003C0009DF840C0129E9DF84C109DF8507010B1E1
:1003D0000479012C04D0002420460AB0BDE8F08145
:1003E000003BD0F80080019218BF0123BCF1000C43
:1003F0004FEA837318BF4FF0010C003F02934FEA9E
:100400004C7318BF01270039039318BF0121119BBA
:100410003F054905082B0697079128D81B0404932C
:100420004FF4000308934FF00043059304F04EFA95
:10043000074603E000F0B6FAB04207D8D8F800301B
:1004400001213846D3F8C4309B02F3D42A4601A9CF
:10045000404604F0A5FE0346404603B91C4604F09E
:10046000D7FE159B186020460AB0BDE8F0810C3B12
:10047000342B1CD8DFE803F0361B1B1B321B1B1B65
:100480002E1B1B1B2A1B1B1B1B1B1B1B261B1B1B8F
:100490001B1B1B1B1B1B1B1B1B1B1B1B221B1B1BA5
:1004A0001B1B1B1B1B1B1B1B1B1B1B1B1E00119B3E
:1004B0000493B5E74FF470230493B1E74FF460233E
:1004C0000493ADE74FF450230493A9E74FF440237E
:1004D0000493A5E74FF430230493A1E74FF42023BE
:1004E00004939DE74FF41023049399E710B1037927
:1004F000012B00D07047006804F0E2BDF8B5144B42
:10050000144C1D682B68B3FA83F35B0923702378BE
:1005100073B1114F114E304600F05CFB00F078F8DB
:100520002B68003B18BF01233B702378002BF2D1CE
:1005300000250B4B012225701A60257000F0BAF9D6
:10054000084800F055FB284600F00AFB2846F8BD95
:10055000F49C000800000024840100248001002491
:100560008C0100248801002410B504F073F90024E4
:1005700000F04EFB00F0FCFB01F09AFD00F064FC83
:1005800000F0FAFC00F068FD00F0FAFD00F048FE13
:1005900000F07CFE00F0A8FE00F0D4FE00F042FF68
:1005A00000F0ACFF00F0E8FF01F044F801F09CF827
:1005B00001F02EF901F0D8F901F0BAFB01F06EFC60
:1005C00001F024FD01F020FD01F03CFA01F098FA61
:1005D00001F0E8FA01F038FB01F070FB01F05AFA83
:1005E000074B1B681C6000F007F920469FED050AC9
:1005F00000F008FA044800F0EDFA204610BD00BFF4
:10060000F49C0008CDCC4C3E880100240000000082
:100610002DE9F0412DED028B8AB00024704D4FF48E
:100620007A7709AE4FF0080823466E494246E86BD8
:10063000CDE90446CDE90274CDE90048FFF7BCFEE0
:10064000234609226849E86CCDF804800094CDE97E
:100650000446CDE90274FFF7AFFE0523D2226349B9
:1006600001932346E86A0094CDE90446CDE902747B
:10067000FFF7A2FEB7EE005BB2EE086B95ED147BC0
:1006800037EE057BB4EEC67B85ED147BF1EE10FAF8
:100690005BDC574A95F8583092F88220554C8DF81B
:1006A00020205A1CD2B2062A28BF0022052B28BFC0
:1006B000052385F8582004EBC30393ED008BBBFEA4
:1006C000488BB0EE480B00F065F9002842D00023BB
:1006D00095F859208DF82130531CDBB2062B28BF2A
:1006E0000023052A28BF052285F8593004EBC204EF
:1006F00094ED008BBBFE488BB0EE480B00F04AF93E
:10070000002841D0002300244FF47A78032740F2D8
:10071000112208A98DF82230E86923460596009435
:10072000CDF808800197CDE90344FFF745FE08A9FD
:10073000E86823464FF404720596CDF80880CDE9A9
:100740000344CDE90047FFF737FE0AB0BDEC028B4A
:10075000BDE8F081B0EE480B00F002F90028B6D1F8
:10076000B0EE480B9FED1C1B09F02EF8B5EEC00B48
:10077000F1EE10FA22D5B1EE400BBCEEC00B10EE3C
:10078000103A5B42DBB2A3E7B0EE480B00F0E8F8AA
:100790000028B7D1B0EE480B9FED0F1B09F014F8FD
:1007A000B5EEC00BF1EE10FA0FD5B1EE400BBCEE7A
:1007B000C00B10EE103A5B42DBB2A4E7FCEEC07B4C
:1007C000CDED077A9DF81C3082E7FCEEC07BCDEDC5
:1007D000077A9DF81C3096E700000000000070408A
:1007E000900100248D9D00089D9D0008809D0008BB
:1007F000F89C0008B09D00080120002310B52C4C87
:10080000606384F83030FFF7A9FDE06310B103792D
:10081000012B37D00120002384F8380084F84030C1
:100820006064FFF79BFDE06410B10379012B2DD0CC
:100830000120002384F8480084F820306062FFF72C
:100840008DFDE06210B10379012B23D0012000233C
:1008500084F8280023746061FFF780FDE06110B127
:100860000379012B1AD001200023207623706060C9
:10087000FFF774FDE06010B10379012B12D0012362
:10088000237210BD006804F06DFCC3E7006804F03B
:1008900069FCCDE7006804F065FCD7E7006804F068
:1008A00061FCE0E7006804F05DFC0123237210BDE9
:1008B0009001002410B5294C94F830302BB9012256
:1008C000636B934284F8302028D094F840302BB9E1
:1008D0000122636C934284F8402027D094F82030A2
:1008E0002BB90122636A934284F8202026D0237C0E
:1008F00023B9012263699342227427D0237823B954
:10090000012263689342227000D010BD237A002B2D
:10091000FBD0E068BDE81040FFF7E8BD94F8383040
:10092000002BD2D0E06BFFF7E1FDCEE794F8483022
:10093000002BD3D0E06CFFF7D9FDCFE794F8283037
:10094000002BD4D0E06AFFF7D1FDD0E7237E002B47
:10095000D4D0E069FFF7CAFDD0E700BF90010024C2
:100960000A4B93ED007BB4EE407BF1EE10FA0AD017
:10097000074B93ED007BB4EE407BF1EE10FA0CBF19
:100980000120002070470120704700BF08000024AC
:1009900010000024B4EE400BF1EE10FA6CBF012001
:1009A0000020704730B5044683B089B94FF08045C8
:1009B0006B6A019303F08AFF00906A6A019B9A4276
:1009C00010D3009A4FF47A71019B01FB023302E0CD
:1009D00003F07CFF0346181BA34238BF00F1FF3031
:1009E00003B030BD03F072FF6B6A4FF47A7202FB02
:1009F0000033F0E7014800F0FBB800BF800100249D
:100A0000FFF77CBD10B500213A482DED028BB0EE0A
:100A1000408A00F0D5F840B14FF0500383F31188BD
:100A2000BFF36F8FBFF34F8FFEE70146324800F0F0
:100A3000C7F8034640B14FF0500383F31188BFF36A
:100A40006F8FBFF34F8FFEE72C4C282080212C4A5C
:100A50002061A446A182A36107CAACE8030029492A
:100A600020468CF800201A4600F058F8034640B1A2
:100A70004FF0500383F31188BFF36F8FBFF34F8F95
:100A8000FEE7DFED217A214A214928EE270A214C91
:100A90000860BCEEC00A2360E36092E80300012214
:100AA00084ED010A20612046A2600A0CA182A27591
:100AB000194900F059F840B14FF0500383F3118801
:100AC000BFF36F8FBFF34F8FFEE74FF47A7120466D
:100AD00000F05CF840B14FF0500383F31188BFF38E
:100AE0006F8FBFF34F8FFEE7BDEC028BBDE8104068
:100AF00007F018BD8001002488010024640100244F
:100B0000E09D0008010A000800007A44EC9D0008FE
:100B100014020024F4010024F5090008E8B113468A
:100B200000F1180230B50446056983B00846214635
:100B30000192A28A009507F03BFCA36923B101381A
:100B400018BF012003B030BD4FF0500383F311886C
:100B5000BFF36F8FBFF34F8FFEE70120704700BFD9
:100B6000002007F059BC00BF10B582B004460091C8
:100B70004168D0E90223103008F0F0F90346B0FADA
:100B800080F02360400902B010BD00BFA8B130B5AD
:100B9000056883B075B10C4607F05AFD0023024684
:100BA00001212846009408F041FA013818BF0120BD
:100BB00003B030BD012003B030BD0120704700BF3D
:100BC00010B504460A2006F02FFB034600202360E0
:100BD00010BD00BF50B1006840B14FF0FF3108B503
:100BE00006F0D2FE013818BF012008BD0120704771
:100BF00058B1006848B108B500231A46194606F0F6
:100C000059FB013818BF012008BD0120704700BF03
:100C1000524A08B5136823F00F0343F0030313602F
:100C2000136803F00F03032BFAD14D494D4ACB68EB
:100C300023F03F0343F00403CB608B6923F440436C
:100C40008B61136843F48033136013689903FCD5F8
:100C50001168444B41F4805111601A689204FCD52C
:100C6000986A414A20F003003E4940F00200986231
:100C7000D86A40F48030D862D86A40F40030D86234
:100C8000D86A40F48020D862D86A20F00C0040F086
:100C90000800D862D86A20F00200D862986A20F46E
:100CA0007C7040F050009862186B024042F06D0278
:100CB0001A631A6B22F47E421A631A6B22F4FE0244
:100CC00042F440321A631A6B22F0FE4242F0807204
:100CD0001A631A6842F080721A600B689B01FCD597
:100CE0008B69204A23F00F0343F008038B610B69E3
:100CF00023F0070343F003030B61136903F0380388
:100D0000182BFAD19369194823F47063936193699E
:100D100023F00F0343F008039361D36923F07003BA
:100D200043F04003D361D36923F4E06343F4806369
:100D3000D361936923F0700343F040039361136A16
:100D400023F0700343F04003136202F0DDFD0F2037
:100D500002F02EF808B172B6FEE708BD002000527E
:100D6000004802580044025800FEFFFF8055C8208A
:100D7000334B344AD96A41F40021D962D96A21F04F
:100D8000C00141F08001D962D96A21F02001D96205
:100D9000996A21F47C3141F4A0419962996B0A402F
:100DA00042F04F029A639A6B22F47E4242F4006250
:100DB0009A639A6B22F4FE0242F480329A639A6B31
:100DC00022F0FE4242F080729A631A6842F080621A
:100DD0001A601A681201FCD5D96A1A4A41F080716A
:100DE0001748D962D96A41F44061D962D96A21F4BD
:100DF0000071D962996A21F07C7141F000719962A9
:100E0000196C0A4042F080021A641A6C22F47E4285
:100E100042F400721A641A6C22F4FE0242F4803228
:100E20001A641A6C22F0FE4242F080721A641A6848
:100E300042F080521A6003689B00FCD5704700BFE7
:100E40000044025800FEFFFF30B5434B97B000242A
:100E500042480AA9424D0F940394109406940C94AE
:100E600015940994CDE90D44CDE90444CDE911442C
:100E7000CDE91344CDE907449A6D22F440329A65D6
:100E8000D3F8D82042F02002C3F8D820D3F8D820D5
:100E900002F020020292029AD3F8E02042F004020B
:100EA000C3F8E020D3F8E02002F004020192019A96
:100EB000D3F8E02042F00102C3F8E020D3F8E0309C
:100EC0009FED237B03F001030093009B8DED0A7BD4
:100ED00002F0B6F8234A03A92846536843F040734A
:100EE0005360214B2A6913402B610394059402F04F
:100EF00061F910A928461594CDE91044CDE91244B2
:100F000002F090F90022002306A91848CDE9062333
:100F100002F018F9A968164A164B0A40AA60AA6896
:100F2000134043F08053AB602B6B23F4F86343F022
:100F300040032B636B6923F038036B61D5F8C03035
:100F400023F00203C5F8C03017B030BDAFF3008006
:100F5000010000000300000000440258000802588D
:100F60000020024000040058FCFBFFFF0023024069
:100F7000C0FFFF5FC0FFFF6F30B5304B8DB0002565
:100F80002F48304C03A90395069504950B95CDE9A0
:100F90000755CDE909559A6D22F440329A65D3F888
:100FA000D82042F02002C3F8D820D3F8D82002F08D
:100FB00020020292029AD3F8E02042F00102C3F824
:100FC000E020D3F8E03003F001030193019B436874
:100FD00043F040734360204622691B4B134023615A
:100FE000059502F0E7F80022002306A920460B959C
:100FF000CDE90623CDE9082302F014F9A0681349CE
:10100000134B0140134AA160A1680B4043F0805389
:10101000A360D2F8303123F4F863C2F83031D2F84B
:10102000143123F00703C2F81431D4F8C03023F090
:101030000103C4F8C0300DB030BD00BF00440258F9
:101040000004005800210240FCFBFFFFC0FFFF5FCF
:10105000C0FFFF6F0020024030B5404B97B0002426
:101060003F49404D0F940394109406940C941594AA
:1010700009943D48CDE90D44CDE90444CDE911443E
:10108000CDE91344CDE907449A6D22F440329A65C4
:10109000D3F8E02042F08072C3F8E020D3F8E020DB
:1010A00002F080720292029AD3F8E02042F0040229
:1010B000C3F8E020D3F8E02002F004020192019A84
:1010C000D3F8E02042F08002C3F8E0200422D3F8F5
:1010D000E03003F080030093009B4B6843F04063D3
:1010E0004B6003230AA90E94CDE90A2301F0A8FF5F
:1010F0002A691E4B03A9284613402B6103940594CB
:1011000002F058F810A928461594CDE91044CDE90D
:10111000124402F087F80022002306A9144808941C
:10112000CDE9062302F00EF8A968124A124B0A40D4
:10113000AA60AA68134043F08053AB602B6B23F482
:10114000F8632B636B6923F007036B61D5F8B0304C
:1011500023F00103C5F8B03017B030BD0044025889
:101160000004005800600258001C0258FCFBFFFFFE
:1011700000630258C0FFFF5FC0FFFF6F0000000068
:1011800030B5234B8FB0002420200321214D029441
:101190000A9407940D94CDE90344CDE90544CDE9C3
:1011A0000B44D3F8E82042F00052C3F8E820D3F80B
:1011B000E82002F000520192019AD3F8E02042F0B8
:1011C0000102C3F8E020D3F8E03003F00103CDE9D9
:1011D0000801009308A91048009B01F031FF02AA02
:1011E0000E49284607949FED087BCDE905448DED17
:1011F000027B03F07BFB2B6823F400332B600FB0E2
:1012000030BD00BFAFF30080000000000000000010
:10121000004402580074004000000258720040353B
:1012200010B5144882B014490023144A4FF0010C41
:10123000016000921249134AADF8043040F2F453B1
:10124000C0F804D080F808C04361C0E9031203F07D
:1012500085FB08B172B6FEE70B4C01463022201D1B
:1012600008F026FC21224FF440332260636102B073
:1012700010BD00BF4C020024008002400080E1004D
:10128000DC0000247C000024180200241448022101
:10129000012238B5002305240162124D83740282B5
:1012A0000560C0E906110421C0E90233C0E90D332D
:1012B000C0E90F32C0E91143C0E91313C0E91513A7
:1012C000C0E91732C0E919340A23C0E90922C0E98C
:1012D0000B22436103F0F4FC08B172B6FEE738BD9F
:1012E000D402002400A0004014480221012238B595
:1012F000002305240162124D837402820560C0E957
:1013000006110421C0E90233C0E90D33C0E90F32F0
:10131000C0E91143C0E91313C0E91513C0E917323E
:10132000C0E919340A23C0E90922C0E90B2243614C
:1013300003F0C6FC08B172B6FEE738BD74030024A2
:1013400000A4004030B5314A91B00024304D02A9CC
:1013500030480E94CDE90244CDE90444CDE9064479
:10136000CDE90844CDE90A44CDE90C44D2F858341B
:1013700023F44073C2F85834D5F8E03043F020032A
:10138000C5F8E030D5F8E030049403F02003019371
:101390004FF44043019A0122029302230393012355
:1013A00005930423CDE9062301F04AFED5F8F43075
:1013B000194808A943F08003C5F8F430D5F8F43093
:1013C00003F080030093009A4268144B42F00072CD
:1013D0004260C2681340124AC360C36823F40043EA
:1013E000C360036823F400230360036823F400331D
:1013F000036000230E94CDE908420022CDE90A449F
:10140000CDE90C2304F018F911B030BD00400258AA
:101410000044025800140258001C005801F8FFFF55
:10142000724E406070B59AB034220021314C68464B
:10143000052508F03DFB342200210DEB020008F0E9
:1014400037FB00232C4A4FF42571A386204684F8ED
:101450003630C4E900230722C4E90233C4E9043268
:1014600003220E23A26140F28E22C4E9073540F226
:10147000E513C4E9092340F2E713C4E90B1304F0B0
:1014800013F908B172B6FEE74FF480660246069083
:101490006946ADF830008DF832000796CDE90000BE
:1014A000CDE90200CDE90400CDE90850CDE90A00FC
:1014B000204604F067F9034608B172B6FEE70DA9AD
:1014C00020460122ADF864308DF86630CDE90D3349
:1014D000CDE90F33CDE91133CDE91336CDE91553FD
:1014E000CDE9173304F04EF908B172B6FEE71AB031
:1014F00070BD00BF140400240010005030B520223D
:101500001A4C002387B00125194922610822204680
:1015100000930593C4E90015C4E90233C4E90553F7
:10152000C4E90733C4E90953C4E90B33C4E90D32F4
:10153000C4E90F33CDE90133CDE9033304F0F4F905
:1015400008B172B6FEE74FF001120A4B6946204619
:10155000039241F288320493CDE9015504F09EFADA
:1015600008B172B6FEE707B030BD00BFBC0400246E
:10157000005000520100000110B501222A4C2B48F6
:1015800000234FF080618AB0236404930093099391
:101590000393C4E900022020C4E902310821C4E910
:1015A00004022046C4E90633C4E90832C4E90A3318
:1015B000C4E90C33C4E90E13CDE90533CDE9073393
:1015C000CDE9013304F0B0F908B172B6FEE70223A9
:1015D000174A04A92046079241F28832CDE9053323
:1015E00003F18073089304F059FA08B172B6FEE76C
:1015F0009FED097B41F28832694620468DED007BE4
:101600009FED077B8DED027B04F00CFA08B172B6FA
:10161000FEE70AB010BD00BF00000000000000009F
:1016200002000000000000001C05002400A0005281
:1016300002000100F8B527480023012426490322AF
:1016400040274FF48076082543640160C3644260FC
:101650000365876484604361C361C360436380F84A
:1016600038304565C0E90B33C0E90F36C0E9164391
:10167000C0E91833C0E91A33C0E91C4304F032FD55
:1016800008B172B6FEE703461448154A436083600A
:10169000C361C360436380F83830C36343678764C2
:1016A0000260C0E91063C0E91333C0E90533C0E943
:1016B0000B33C0E91733C0E91933C0E91B34094BB8
:1016C000C0E91554036204F00DFD08B172B6FEE7DF
:1016D000F8BD00BF7C050024045801401406002416
:1016E0002458014000EE02002DE970430024A2B00E
:1016F000444E202221460EA807944FF00008424D88
:101700004FF00009CDE90344CDE9054408F0D0F9D4
:101710003022214616A808F0CBF903A92846CDE9C6
:101720000844CDE90A44CDE90C44D6F8F03043F042
:101730000103C6F8F030D6F8F03003F0010302934D
:10174000029B4FF6FF73059305F074F92B680EAA00
:101750004FF48051284623F080032B60EB6943F45B
:101760000063EB616023CDE914890E93CDE90F444A
:10177000CDE9114405F0F6F9EB694FF4005216A9D2
:1017800023F480632846EB616B6823F070036B6081
:101790006B6823F470036B60AB6823F08003AB606D
:1017A0004FF0007318941E9300238DF86440ADF839
:1017B00066401D941F942194CDE91689CDE91A2322
:1017C00005F060FBD6F8E0304FF4804208A943F002
:1017D00010034FF000084FF001090C48C6F8E03044
:1017E000D6F8E0300892022203F010030B94019324
:1017F000019BCDE90924CDE90C8901F021FC22B03F
:10180000BDE87083004402580000014000100258F7
:10181000F0B5002497B0504F202221460EA807941F
:101820004FF080454D4ECDE90344CDE9054408F025
:101830003FF903A93046CDE90844CDE90A44CDE992
:101840000C44D7F8E83043F00403C7F8E830D7F881
:10185000E83003F004030293029B4FF6FF730593F5
:1018600005F0E8F8336860210EAA304623F08003C3
:101870003360D5F8183843F40063C5F8183812946B
:10188000CDE90E141021CDE9104405F06BF9D5F81F
:1018900018380EAA4FF4807123F480633046C5F8DF
:1018A0001838D5F81C3843F00803C5F81C3805F083
:1018B00059F9D5F81C380EAA4FF4805123F00403CF
:1018C0003046C5F81C38D5F81C3843F40063C5F819
:1018D0001C3805F047F9D5F81C38802208A923F4F4
:1018E00080631F48C5F81C380225736823F0700315
:1018F0007360B36823F08003B3600026D7F8E0304C
:101900002B43C7F8E030D7F8E0302B400193019B20
:10191000D7F8E03043F00803C7F8E030D7F8E030FC
:1019200002270A9403F008030B940093009BCDE96F
:101930000825CDE90C6701F083FB4FF4404308A96B
:10194000084809950893CDE90A44CDE90C6701F0F0
:1019500077FB17B0F0BD00BF0044025800080040FC
:1019600000040258000C0258F0B5002497B0324E23
:10197000202221460EA807944FF080472F4DCDE935
:101980000344CDE9054408F093F803A92846CDE9BE
:101990000844CDE90A44CDE90C44D6F8E83043F0D8
:1019A0000803C6F8E830D6F8E83003F008030293DD
:1019B000029B4FF0FF33059305F03CF82B68602045
:1019C0000EAA012123F080032B60D7F8183C43F0C6
:1019D0000803C7F8183C1294CDE90E042846CDE957
:1019E000104405F0BFF8D7F8183C012208A923F0ED
:1019F00004031348C7F8183C02276B6823F07003F0
:101A00006B60AB6823F08003AB60D6F8E030134323
:101A1000C6F8E030D6F8E03000260892022203F043
:101A200001030B940193019BCDE90924CDE90C67D7
:101A300001F006FB17B0F0BD00440258000C004056
:101A40000000025810B5114841F27B51104C0023A0
:101A500084B040F2CF72A3610193C4E90001204633
:101A6000C4E90232CDE9023304F0D6FC08B172B603
:101A7000FEE7034601A920460193039304F070FF9B
:101A800008B172B6FEE704B010BD00BF0010004000
:101A90004407002410B5002386B0174A40F6BD2045
:101AA000019301A9154CCDE90233CDE90433D2F8F5
:101AB000E83043F02003C2F8E830D2F8E83040F2D2
:101AC000E732ADF80400204603F0200303920093B0
:101AD000009B04F0AFFF236843F08003236063683A
:101AE00023F0700343F020036360A36823F08003B6
:101AF000A36006B010BD00BF0044025800140040AF
:101B000010B5002386B0234A05932348CDE901335D
:101B1000CDE90333D2F8F01041F40031C2F8F010EF
:101B2000D2F8F02002F400320092009AC268C2F3A8
:101B30000222C2F10701101D042928BF0421062832
:101B4000164898BF1A464FF0FF3388BF033A8B40C0
:101B5000DB4303F0050393401B01DBB280F87533D0
:101B60004FF40013C3600E4C40F2252000234CF2CA
:101B70004F32ADF8040001A9204602930392CDE94B
:101B8000043304F057FF236823F08003236006B07A
:101B900010BD00BF0044025800ED00E000E100E08D
:101BA0000044014010B5002386B0234A0593234822
:101BB000CDE90133CDE90333D2F8F01041F48021AF
:101BC000C2F8F010D2F8F02002F480220092009ABD
:101BD000C268C2F30222C2F10701101D042928BF06
:101BE00004210628164898BF1A464FF0FF3388BFD5
:101BF000033A8B40DB4303F0050393401B01DBB248
:101C000080F876334FF48003C3600E4C40F22520F9
:101C100000234CF24F32ADF8040001A92046029394
:101C20000392CDE9043304F005FF236843F08003F9
:101C3000236006B010BD00BF0044025800ED00E074
:101C400000E100E00048014010B51A4840F22522AA
:101C5000194C00238AB047F6BC0123610493019319
:101C6000C4E9000280222046C4E90231A261CDE924
:101C70000533CDE90733CDE9023304F0CDFB08B1DC
:101C800072B6FEE70023002204A92046CDE9042312
:101C900004F0ECFC034608B172B6FEE701A9204649
:101CA0000193039304F05CFE08B172B6FEE70AB03C
:101CB00010BD00BF00E00040AC06002410B51A487B
:101CC00040F22522194C00238AB041F625012361F8
:101CD00004930193C4E9000280222046C4E9023142
:101CE000A261CDE90533CDE90733CDE9023304F034
:101CF00093FB08B172B6FEE70023002204A9204638
:101D0000CDE9042304F0B2FC034608B172B6FEE745
:101D100001A920460193039304F022FE08B172B694
:101D2000FEE70AB010BD00BF00E40040F806002442
:101D300070B5202290B000214FF4E1360DEB020087
:101D40000C250C4607F0B4FE4F4B02A94F48CDE9D5
:101D50000244CDE90444CDE90644D3F8F02042F032
:101D60001002C3F8F020D0F8542422F03802C0F852
:101D70005424D3F8F02002F010020192019AD3F813
:101D8000E02042F00202C3F8E0204FF44042D3F8D2
:101D9000E03003F002030093022300983C48CDE9B1
:101DA000022300220423CDE90444CDE9062301F0F7
:101DB00047F9384B08A93848D3F8002822F0FF0229
:101DC00042F02902C3F800281A6922F0C0021A6101
:101DD0001A6922F440321A611A6922F490721A6167
:101DE0001A6922F400721A611A6942F480621A6157
:101DF0001A6922F4C0521A611A6922F4C0421A61A7
:101E00005A6A22F004025A62CDE90846CDE90A4432
:101E1000CDE90C45CDE90E4405F07AF81E4A02F1F1
:101E2000080353E8003F23F0604302F1080040E854
:101E300000310029F3D1184A02F1080353E8003FAA
:101E400023F0606302F1080040E800310029F3D17B
:101E5000136801F1804123F0005301F588311360CC
:101E6000536823F490435360936823F02A039360EC
:101E7000136843F001031360CB699A02FCD5CB6968
:101E80005B02F9D510B070BD004402580040025802
:101E900000040258000002400010014070B52022EA
:101EA00090B000214FF4E1360DEB02000C250C46FA
:101EB00007F0FEFD4F4B02A94F48CDE90244CDE9A2
:101EC0000444CDE90644D3F8E82042F48022C3F864
:101ED000E820D0F8542422F00702C0F85424D3F8A4
:101EE000E82002F480220192019AD3F8E02042F027
:101EF0000802C3F8E0204FF44072D3F8E03003F05A
:101F000008030093022300983C48CDE902230022F5
:101F10000723CDE90444CDE9062301F091F8384BBD
:101F200008A93848D3F8042822F0FF0242F02D0215
:101F3000C3F804289A6A22F0C0029A629A6A22F4CC
:101F400040329A629A6A22F490729A629A6A22F4F1
:101F500000729A629A6A42F480629A629A6A22F4E1
:101F6000C0529A629A6A22F4C0429A62DA6B22F0F4
:101F70000402DA63CDE90846CDE90A44CDE90C450F
:101F8000CDE90E4404F0C4FF4FF0402202F60803EE
:101F900053E8003F23F0604302F6080040E80031B8
:101FA0000029F3D14FF0402202F6080353E8003F26
:101FB00023F0606302F6080040E800310029F3D105
:101FC000104B1A6822F000521A605A6822F49042AC
:101FD0005A609A6822F02A029A601A6842F0010256
:101FE0001A60DA699102FCD5DA695202F9D510B0AB
:101FF00070BD00BF0044025800400258000C025857
:102000000000024000480040704700BF254B82B0EE
:102010002549D3F8D820254842F00102C3F8D8203A
:10202000D3F8D83003F001030193019BCB68C3F3CD
:102030000223C3F107011A1D042928BF0421062A1F
:1020400088BFDA1E4FF0FF3398BF00228B40DB437E
:1020500003F0050393401B01DBB280F80B334FF410
:1020600000630360104B1148DB68C3F30223C3F124
:1020700007011A1D042928BF0421062A88BFDA1E79
:102080004FF0FF3398BF00228B40DB4303F0050382
:1020900093401B01DBB280F80C334FF48053036094
:1020A00002B070470044025800ED00E000E100E09B
:1020B0002DE9F04FCE4B93B00024CE48DFF84CB35F
:1020C000012511940CA9089402260E940B94DFF8B4
:1020D00040A3DFF84093C84FDFF83C83CDE90F44BD
:1020E000CDE90944D3F8E02042F00202C3F8E02031
:1020F000D3F8E02002F002020792079AD3F8E0201A
:1021000042F04002C3F8E020D3F8E02002F04002A1
:102110000692069AD3F8E02042F00802C3F8E020C5
:10212000D3F8E02002F008020592059AD3F8E020E7
:1021300042F00102C3F8E020D3F8E02002F00102EF
:102140000492049AD3F8E02042F01002C3F8E02091
:10215000D3F8E02002F010020392039AD3F8E020B3
:1021600042F00402C3F8E020D3F8E02002F00402B9
:102170000292029AD3F8E02042F08002C3F8E020F5
:10218000D3F8E02002F080020192019AD3F8E02017
:1021900042F02002C3F8E020D3F8E03003F020033F
:1021A0000093009B954B83614FF0D163CBF81830BF
:1021B000934BCAF818304FF44023C9F818304FF049
:1021C0000053BB614FF4C003C8F8183040F202431B
:1021D000CDE90C3500F034FF30220A2358460DEBD0
:1021E00002010C92119310940D96CDE90E4400F06B
:1021F00027FF4FF4D16258460CA90C924FF4005BB4
:10220000CDE90D54CDE90F4400F01AFF4AF2301227
:102210000CA950460C92CDE90D54CDE90F4400F0C5
:102220000FFF0CA948461094CDE90CB400F008FF4C
:102230000A230CA9734811934FF48063CDE90D6410
:102240000C93CDE90F4400F0FBFE4FF400730CA992
:102250006C480C930D94109400F0F2FE4FF48263DE
:102260000CA938460D960C9303230E930923CDE950
:102270000F44119300F0E4FE08230CA950460C9380
:10228000CDE90D54CDE90F4600F0DAFE0C234846A7
:102290000CA94FF005090C93CDE90D54CDE90F447D
:1022A00000F0CEFE80230CA940460C93CDF844905C
:1022B000CDE90D64CDE90F4400F0C2FE4FF4006398
:1022C0000CA938460C930D96CDF844901094CDE9A6
:1022D0000E4400F0B5FE0CA93846CDF830B0CDE97B
:1022E0000D54CDE90F4400F0ABFE60230CA940462D
:1022F0000C930D951094CDE90E4400F0A1FE424AD6
:102300004FF47063926893FAA3F322F47062002B87
:1023100000F0AB80B3FA83F3062101FA03F3134311
:1023200039498B60F023CA6893FAA3F322F0F002D4
:10233000002B00F0A080B3FA83F3052101FA03F328
:1023400013433149CB600F230A6993FAA3F322F0B8
:102350000F02002B00F08D80B3FA83F3042101FA01
:1023600003F3134328490B610F234A6993FAA3F33C
:1023700022F00F02002B7AD0B3FA83F3072101FA7F
:1023800003F3214913430024042240F201160125DE
:102390004B6108A80A94ADF82C608DF82E50CDE959
:1023A000082400F053FD2023ADF82C600DEB030052
:1023B00008938DF82E50CDE9094400F047FD4FF405
:1023C000807308A8ADF82C6008938DF82E50CDE9E5
:1023D000094400F03BFD4FF4805308A80A94ADF87F
:1023E0002C608DF82E50CDE9083400F02FFD15E05B
:1023F00000440258000C0258001402580000020465
:10240000000038A1000002580004005800100258D3
:102410000018025800080258001C025817481849B2
:10242000C468184A24F03004174BC460CC6824F404
:102430004064CC60D46824F44034D460DC6824F078
:102440004074DC60046824F030040460086820F400
:1024500040600860116821F4403111601A6822F070
:1024600040721A6013B0BDE8F08F062357E70723C8
:1024700087E7042375E7052362E700BF00180258C9
:102480000014025800100258001C02580368B3F1EF
:10249000804F00D0704702F00DBA00BFFEE700BFCA
:1024A000FEE700BFFEE700BFFEE700BFFEE700BF9C
:1024B000704700BF704700BF704700BF014802F07F
:1024C0002BBF00BFD4020024014802F025BF00BF8B
:1024D00074030024014804F08BB900BF9C0700245A
:1024E000704700BF704700BF014804F081B900BFCA
:1024F000AC060024014804F07BB900BFF8060024B4
:102500000B4B00220F216FF0010010B4D3F8F44000
:1025100083B044F00204C3F8F440D3F8F43003F07D
:1025200002030193019B03B05DF8044B02F034B940
:10253000004402583C4B026870B59A428CB04FF090
:102540000004CDE90644CDE908440A9401D00CB05A
:1025500070BD364B0B2536480226D3F8D82042F4FE
:102560000042C3F8D820D3F8D82002F400420092E9
:10257000009AD3F8D82042F48032C3F8D820D3F898
:10258000D82002F480320192019AD3F8D82042F484
:102590000032C3F8D820D3F8D82002F400320292D7
:1025A000029AD3F8E02042F00402C3F8E020D3F806
:1025B000E02002F004020392039AD3F8E02042F0F4
:1025C0000202C3F8E020D3F8E02002F002020492F5
:1025D000049AD3F8E02042F00102C3F8E02032224E
:1025E000D3F8E0300A9503F001030593022305991F
:1025F00006A9CDE9062301F0D7FE4FF4705306A9D2
:102600000C48069309940A95CDE9076401F0CCFEC5
:10261000862306A90848079606930A95CDE908443B
:1026200001F0C2FE0CB070BD0080024000440258B0
:102630000008025800040258000002580000000080
:1026400045490023026810B58A428AB0CDE90433B7
:10265000CDE90633089330D0404B9A4201D00AB0FE
:1026600010BD3F4A3F49136D23F0405313650B687B
:102670000133012B0B6059D0394B092404A93A4886
:10268000D3F8E02042F00202C3F8E020D3F8E030B3
:10269000089403F002039FED2C7B0393039B8DEDC5
:1026A000047B01F081FE00220521142002F074F861
:1026B000142002F0AFF80AB010BD294A2949136D61
:1026C00023F0405313650B680133012B0B6020D0BE
:1026D000234B092404A92548D3F8E02042F08002C6
:1026E000C3F8E020D3F8E030089403F080039FEDB6
:1026F000187B0193019B8DED047B01F055FE0022B8
:102700000521132002F048F8132002F083F80AB0E4
:1027100010BDD2F8EC3043F48073C2F8EC30D2F83C
:10272000EC3003F480730093009BD1E7D2F8EC30D7
:1027300043F48073C2F8EC30D2F8EC3003F48073C9
:102740000293029B98E700BF6000000002000000B7
:10275000006000000200000000A0004000A4004053
:10276000004402589007002400040258001C02583C
:10277000194A08B50368934218D0184A934200D00A
:1027800008BD174A1368013B136033B9154AD2F8E4
:10279000EC3023F48073C2F8EC301348602101F070
:1027A0002BFF1420BDE8084002F042B80C4A136821
:1027B000013B136033B90B4AD2F8EC3023F4807339
:1027C000C2F8EC3009484FF4C04101F015FF132066
:1027D000BDE8084002F02CB800A0004000A4004072
:1027E000900700240044025800040258001C0258BC
:1027F000694B026870B59A428EB04FF00004CDE983
:102800000844CDE90A440C9401D00EB070BD634B6E
:102810000E2663480225D3F8E42042F00802C3F8EC
:10282000E420D3F8E42002F008020092009AD3F8E2
:10283000E02042F00202C3F8E020D3F8E02002F0EA
:1028400002020192019AD3F8E02042F00802C3F894
:10285000E020D3F8E02002F008020292029AD3F8B6
:10286000E02042F01002C3F8E020D3F8E02002F0AC
:1028700010020392039AD3F8E02042F00102C3F859
:10288000E020D3F8E02002F001020492049AD3F889
:10289000E02042F04002C3F8E020D3F8E02002F04C
:1028A00040020592059AD3F8E02042F08002C3F876
:1028B000E020D3F8E02002F080020692069AD3F8D6
:1028C000E02042F00402C3F8E02040F20332D3F8E3
:1028D000E0300C9603F0040307930223079908A93C
:1028E000CDE9082301F060FD492308A92D4808938C
:1028F0000B940C96CDE9095401F056FD4BF60303F9
:1029000008A929480893CDE90954CDE90B4601F0FF
:102910004BFD4FF4807308A9244808930D23CDE99B
:102920000954CDE90B4301F03FFD4FF4814308A961
:102930001F480893CDE90954CDE90B4601F034FD59
:1029400048F6087308A91B480893CDE90954CDE956
:102950000B4601F029FDC02308A917480893CDE9CB
:102960000954CDE90B4601F01FFD582308A90F4873
:102970000893CDE90954CDE90B4601F015FD10226D
:10298000092308A90B480C93CDE90825CDE90A4491
:1029900001F00AFD0EB070BD001000500044025856
:1029A00000040258000C025800100258000002589F
:1029B00000180258001C0258000802588C490023D5
:1029C00002682DE9F0438A4291B0CDE90A33CDE99E
:1029D0000C330E935ED0874B9A4202D011B0BDE803
:1029E000F083854A8549D36C23F03003D3640B68A8
:1029F0000133012B0B6000F0EE807F4B40F60300AB
:102A000002210324D3F8D42009250227002642F40A
:102A10000022C3F8D420D3F8D42002F40022079275
:102A2000079AD3F8E02042F04002C3F8E020D3F840
:102A3000E02002F040020892089AD3F8E02042F029
:102A40002002C3F8E020D3F8E0300D9403F0200317
:102A50000E95CDE90A0109930AA96948099B01F07D
:102A6000A3FC4FF4A0530AA965480E94CDE90A3798
:102A7000CDE90C6401F098FC41F20F030AA961480A
:102A80000B970E950A93CDE90C6401F08DFC11B003
:102A9000BDE8F083584A5949D36C23F03003D3641E
:102AA0000B680133012B0B6000F08880524B4FF410
:102AB000007002210324D3F8D4204FF00908022625
:102AC000002542F480420A274FF00409C3F8D420BD
:102AD000D3F8D42002F480420192019AD3F8E02086
:102AE00042F04002C3F8E020D3F8E02002F04002B8
:102AF0000292029AD3F8E02042F00802C3F8E020E4
:102B0000D3F8E02002F008020392039AD3F8E02001
:102B100042F01002C3F8E020D3F8E02002F01002E7
:102B20000492049AD3F8E02042F00202C3F8E020B5
:102B3000D3F8E0300D9403F00203CDF83880CDE9EE
:102B40000A0105930AA92E48059B01F02DFCB0232C
:102B50000AA92D480E97CDE90A36CDE90C5401F0AB
:102B600023FC0AA92948CDF83880CDE90A96CDE999
:102B70000C5401F019FC40230AA921480A93CDE91D
:102B80000B65CDE90D4701F00FFC4FF460530AA926
:102B90001D480A93CDF838800D94CDE90B6501F0FE
:102BA00003FC0AA91A48CDF828900B960E97CDE998
:102BB0000C5401F0F9FB11B0BDE8F083D2F8D43029
:102BC00043F40013C2F8D430D2F8D43003F4001325
:102BD0000093009B6AE7D2F8D43043F40013C2F8A4
:102BE000D430D2F8D43003F400130693069B04E7E4
:102BF0000050005200A000520044025894070024E4
:102C00000018025800140258000C02580010025814
:102C100000040258264A0368934210B584B007D0D6
:102C2000244A93422BD0244A934210D004B010BDC2
:102C3000224BD3F8E82042F01002C3F8E820D3F882
:102C4000E83003F010030193019B04B010BD1B4B4F
:102C5000A22000220521D3F8EC4044F00074C3F810
:102C6000EC40D3F8EC3003F000730393039B01F0C6
:102C700093FDA22004B0BDE8104001F0CBBD0F4B86
:102C8000A12000220521D3F8EC4044F08074C3F861
:102C9000EC40D3F8EC3003F080730293029B01F018
:102CA0007BFDA12004B0BDE8104001F0B3BD00BF22
:102CB0000010004000E0004000E4004000440258E2
:102CC000354A0368934210B588B004D0334A934222
:102CD0002ED008B010BD32490446324BD1F85024F2
:102CE00022F00702C1F850241A686AB9D1F8F0043A
:102CF00001F5806140F48000C1F8F000D1F8F010D7
:102D000001F48001009100990132402002211A60F3
:102D100006239FED1D7BCDE9020102A922480693FF
:102D20008DED047B01F040FB23681C4A9342D0D117
:102D30001B491C4BD1F8502422F00702C1F8502443
:102D40001A686AB9D1F8F00401F5806140F4800096
:102D5000C1F8F000D1F8F01001F48001019101995F
:102D60000132062111481A6000220023069102A9AF
:102D70009FED077BCDE904238DED027B01F014FB71
:102D800008B010BDAFF3008000000000000000009C
:102D9000C003000002000000045801402458014014
:102DA00000400258980700240010025800140258EE
:102DB0000F2801D90120704730B501468BB00022A1
:102DC00004461C2001F0E8FC1C2001F023FD1B4BF5
:102DD0001B4A694602A81460D3F8E82042F00102B9
:102DE000C3F8E820D3F8E83003F001030193019B16
:102DF00000F03CFF079BC3B900F0F0FE114B00222E
:102E0000114C4FF08045A3FB001340F2E731204600
:102E100025609B0CA260013BC4E90312636003F0D0
:102E2000FBFA30B101200BB030BD00F0D7FE4000FE
:102E3000E4E7204603F0B2FBF5E700BF0044025888
:102E40001C00002483DE1B439C070024034630B48F
:102E5000007B00284DD01A68002A75D100205A68DE
:102E60000AB3597B4FF0B04511F0010FD5F89040EF
:102E700014BF1443944311F0020FC5F890404FF073
:102E8000B044D4F8941014BF11439143C4F8941083
:102E9000997B41B1022900F09680032900F08A80D5
:102EA00001297DD001209A68002A4BD0597B4FF030
:102EB000B04511F0010FD5F8A04014BF144394435E
:102EC00011F0020FC5F8A0404FF0B044D4F8A410A0
:102ED00014BF11439143C4F8A4109B7B93B3022BFE
:102EE00054D0032B00F0A380012B00F0968001202A
:102EF00028E04FF0B0421D68D2F8801021EA0501A9
:102F0000C2F88010D2F890105C6821EA0401C2F87F
:102F100090109968D2F8A03023EA0103C2F8A030DB
:102F2000D2F8843023EA0503C2F88430D2F8943012
:102F300023EA0403C2F89430D2F8A43023EA010350
:102F4000C2F8A43030BC7047597B4FF0B044CD0775
:102F5000D4F880004CBF1043904311F0020FC4F826
:102F600080004FF0B040D0F8841014BF114391435B
:102F7000C0F88410997B00293FF470AF022941D03A
:102F8000032935D0012928D0012068E74FF0B0434C
:102F9000196C21EA02011964596C0A435A64D1E799
:102FA0004FF0B0414C6A24EA02044C620C6A22439E
:102FB0000A6278E74FF0B0410C6A14430C624C6A25
:102FC00022434A626FE74FF0B0410C6A24EA0204E0
:102FD0000C624C6A22434A6265E74FF0B041002020
:102FE0004C6824EA02044C600C6822430A6036E70D
:102FF0004FF0B04100200C6814430C604C68224331
:103000004A602CE74FF0B04100200C6824EA02042B
:103010000C604C6822434A6021E74FF0B043596C82
:1030200021EA02015964196C0A431A648AE74FF0D5
:10303000B043196C11431964596C0A435A6481E70F
:103040002DE9F04F0C6894FAA4F2B2FA82F234FA45
:1030500002F367D04FF0010C6FEA040E19E007FB92
:1030600007F3C6680F6903EB430903FB07F726EA7A
:1030700009086FEA090B47EA0807C760076803FBFE
:1030800005F507EA0B032B430360013234FA02F320
:1030900048D00CFA02F313EA0407F6D04D6807FB98
:1030A00007F36E1E03EB4309012E6FEA090BD6D816
:1030B000D0F808A0022D8E682AEA090A06FB03F858
:1030C000CE6848EA0A0806FB04FA0E69C0F80880D0
:1030D000D0F804800EEA080848EA0A08C0F804801C
:1030E0004FEA1728D0F80CA008FB08F82AEA090ACA
:1030F00006FB03F908FB08F849EA0A09C0F80C9036
:10310000BCD1FF2F11D803FB03F74E69D0F8208004
:1031100006FB07F9C7EB071728EA070747EA09077D
:103120000762ABE70020BDE8F08F4E69476A06FBF7
:1031300008F9C8EB081827EA080747EA09074762B1
:103140009CE700BF174B0246984220D0164B9B6865
:10315000DB4303F001035BB14868144B10B494687F
:1031600040B9096823405DF8044B0B4393607047F6
:103170000120704723400C68034300202343D1E91A
:10318000024123435DF8044B0B43936070470848AA
:10319000A3F5007380689B680343DB4303F00103DE
:1031A000D9E700BF0023024000600258E030C0FFB2
:1031B00000200240826812F0010216D10346154831
:1031C000834210B4DC6812D088680A68024312484F
:1031D00020400243DA601A690020496822F07042F8
:1031E0005DF8044B0A431A617047012070470B4891
:1031F00020400C68082C02D00C3C102C05D98C689F
:103200002043044C1043E060E5E7054A52F82420CF
:10321000F5E700BF00600258E3BFFFFFE7BFFFFF15
:10322000F49D00088268D3071AD403460D4AC0688B
:1032300010B402404C68086802430CB1886802432D
:10324000C8680243D1E90401024300200A43DA605E
:103250001A6B22F00F0222435DF8044B1A63704789
:10326000012070471CC0F0FF5C498B6A03F0030328
:10327000012B30B400F0AA80022B00F0A080002BBC
:1032800000F0928000220023544DC0E90033836097
:10329000A96A2C6BEB6AC1F3051113F0010302D08C
:1032A0006B6BC3F3CC0300297CD0C4F30804013456
:1032B00007EE104A494CE56AED0323D507EE903A34
:1032C000F8EEC76A246BF8EEE74A07EE902A9FED06
:1032D000445AC4F34624F8EEE75A07EE901AE4EE97
:1032E000856A0134F8EEE77A85EEA76A07EE904A20
:1032F000F8EEE77A26EE266AC6EE276AFCEEE66A64
:10330000C0ED006A354CE56AAD0323D507EE903A6F
:10331000F8EEC76A246BF8EEE74A07EE902A9FEDB5
:10332000305AC4F30644F8EEE75A07EE901AE4EE7A
:10333000856A0134F8EEE77A85EEA76A07EE904ACF
:10334000F8EEE77A26EE266AC6EE276AFCEEE66A13
:10335000C0ED016A214CE56A6D0323D507EE902A82
:10336000B8EEC77A9FED1E5AF8EEE76A07EE901A9C
:10337000B8EEE76A07EE903A236BF8EEE77AC6EE0E
:10338000865AC3F306630133A7EE857A07EE903AB7
:10339000F8EEE77A65EE876A86EEA77ABCEEC77A22
:1033A00080ED027A30BC70470A6812F004023FF4E4
:1033B0006AAF0B680B4AC3F3C103DA4063E70A68DC
:1033C00012F400323FF45FAF074A5CE70A68074B2C
:1033D00012F4807218BF1A4655E700BF0044025825
:1033E000000000390090D00340787D0100093D00C5
:1033F0005C498B6A03F00303012B30B400F0AA8010
:10340000022B00F0A080002B00F09280002200230D
:10341000544DC0E900338360A96AAC6BEB6AC1F319
:10342000053113F0100302D0EB6BC3F3CC0300297A
:103430007CD0C4F30804013407EE104A494CE56A15
:103440002D0323D507EE903AF8EEC76AA46BF8EE89
:10345000E74A07EE902A9FED445AC4F34624F8EE5B
:10346000E75A07EE901AE4EE856A0134F8EEE77A3F
:1034700085EEA76A07EE904AF8EEE77A26EE266A0E
:10348000C6EE276AFCEEE66AC0ED006A354CE56AD6
:10349000ED0223D507EE903AF8EEC76AA46BF8EE7A
:1034A000E74A07EE902A9FED305AC4F30644F8EE3F
:1034B000E75A07EE901AE4EE856A0134F8EEE77AEF
:1034C00085EEA76A07EE904AF8EEE77A26EE266ABE
:1034D000C6EE276AFCEEE66AC0ED016A214CE56A99
:1034E000AD0223D507EE902AB8EEC77A9FED1E5A9B
:1034F000F8EEE76A07EE901AB8EEE76A07EE903A40
:10350000A36BF8EEE77AC6EE865AC3F3066301337F
:10351000A7EE857A07EE903AF8EEE77A65EE876ACD
:1035200086EEA77ABCEEC77A80ED027A30BC70478F
:103530000A6812F004023FF46AAF0B680B4AC3F347
:10354000C103DA4063E70A6812F400323FF45FAF68
:10355000074A5CE70A68074B12F4807218BF1A46E4
:1035600055E700BF00440258000000390090D00326
:1035700040787D0100093D00624A936A03F003032D
:10358000012B10B400F0A580022B00F09B80002BD3
:1035900000F08C805B4C0023C0E900338360A26A9A
:1035A000216CE46AC2F30552E4057CD506EE903A3C
:1035B000544C646CC4F3CC0407EE104A002A72D059
:1035C000002B70D04F4BC1F30801DC6A013107EECC
:1035D000901A61021FD506EE102AF8EEE64AF8EEC0
:1035E000C73A1B6CB8EEC66A9FED474AF8EEE75A39
:1035F000C3F3462384EE865A013306EE103AE3EE17
:10360000845AB8EEC66A25EE255AC5EE065AFCEE77
:10361000E55AC0ED005A3B4BD96A0C021FD506EEA5
:10362000102AF8EEE64AF8EEC73A1B6CB8EEC66A06
:103630009FED354AF8EEE75AC3F3064384EE865A07
:10364000013306EE103AE3EE845AB8EEC66A25EE70
:10365000255AC5EE065AFCEEE55AC0ED015A294B33
:10366000D96AC9011FD506EE102AF8EEE66AB8EE4F
:10367000C77A1B6CB8EEC65ADFED235AF8EEE77A2C
:10368000C3F3066386EE856A0133E7EE257A07EE1B
:10369000103AB8EEC77A66EE276AC6EE877AFCEE75
:1036A000E77AC0ED027A5DF8044B7047136859075A
:1036B0007FF570AF1268154BC2F3C102D34006EE1E
:1036C000903A0CE013689C037FF564AFDFED106A5D
:1036D00005E01368DB057FF55DAFDFED0E6A0022C4
:1036E000084BC0E9002282609A6A196CDB6AC2F357
:1036F000055213F4807307EE103A4FF001033FF4C4
:103700005DAF55E700440258000000390090D00337
:1037100040787D0100093D00704AC0F30421030E8A
:1037200052FA80F28B40D2F84C241340CB4010B5B3
:1037300040EA03406A4C84B0A0420CD03DD8694BAB
:10374000984200F089801FD9674B984212D003F548
:103750007D4398420AD1654B186810F0005003D0A1
:1037600001A8FFF709FF029804B010BDA3F580334C
:10377000984254D15D4B186810F00060F4D001A855
:10378000FFF736FE0298EFE7A3F54073984246D163
:10379000564B1B6903F03803182B43D8DFE803F0BE
:1037A0008B424242424242429B4242424242424257
:1037B000924242424242424294004D4B984216D0BD
:1037C0000DD94C4B984203D003F54073984226D153
:1037D000464B186FC0F34000C00304B010BDA3F502
:1037E0008033984210D003F57D43984208D13F4A78
:1037F000414B106810F4807018BF184604B010BD1B
:10380000A3F5803398420AD1384B186810F00400B1
:10381000AAD01B683948C3F3C103D840A4E70020ED
:1038200004B010BD0020314B99699A69DB69C1F37E
:10383000032102F00F02C3F30213314C615CA25C5E
:1038400001F01F01E35C02F01F02C84003F01F03F8
:10385000D040D84004B010BD244B1B6903F038039E
:10386000182B0ED8DFE803F0200D0D0D0D0D0D0DFA
:10387000350D0D0D0D0D0D0D1E0D0D0D0D0D0D0D3F
:1038800019000020194B99699A69DB69C1F303217A
:1038900002F00F02C3F30223CFE701A8FFF7E4FC15
:1038A0000198EFE71748EDE7104B14481B68C3F386
:1038B000C103D840E6E70D4B10481B68C3F3C103B2
:1038C000D840B0E70F48AEE701A8FFF7CDFC01985C
:1038D000A9E70948D6E70848A5E700BF0040025815
:1038E0000803020708030007080301070044025801
:1038F000080304070800050700093D000090D003F5
:10390000389E000840787D01014B1860704700BF69
:10391000240000243B4B30B49A6A9C6ADD6A14F49C
:103920007C7F596BC4F3051038D0C1F3CC0105F08E
:10393000010502F0030205FB01F1012A07EE901ACE
:10394000B8EEE77A02D0022A4ED04AB307EE900AC8
:103950009FED2D5AF8EEE77A1B6BC5EE276ADFED77
:103960002B5AC3F3080307EE903AB7EE006AF8EE5D
:10397000E77AE7EE257A77EE867A66EEA76A214B3C
:103980001B6BC3F34623013307EE903AB8EEE77A98
:10399000C6EE877AFCEEE77A17EE900A30BC7047E5
:1039A0001A68920627D5196807EE900A184AF7EEAA
:1039B000005A1B6BC1F3C101F8EEE77A9FED135A71
:1039C000C3F30803CA4006EE903A06EE102AF8EE5A
:1039D000E66AB8EEC66AE7EE056A86EE277A76EE04
:1039E000A56A66EE876ACAE707EE900A9FED095A54
:1039F000F8EEE77AB0E707EE900A9FED075AF8EE87
:103A0000E77AA9E7004402580024744A000000390C
:103A10000090D00320BCBE4B0024744C474A13696D
:103A200003F03803102B04D0182B0DD01BB14448E1
:103A3000704744487047136899064AD5136842484E
:103A4000C3F3C103D8407047936A30B4946AD56A0F
:103A500014F47C7F516BC4F3051038D0C1F3CC0152
:103A600005F0010503F0030305FB01F1012B07EE4F
:103A7000901AB8EEE77A02D0022B2CD093B307EE5F
:103A8000900A9FED325AF8EEE77A136BC5EE276A7B
:103A9000DFED2F5AC3F3080307EE903AB7EE006A42
:103AA000F8EEE77AE7EE257A77EE867A66EEA76A91
:103AB000224B1B6BC3F34623013307EE903AB8EE5B
:103AC000E77AC6EE877AFCEEE77A17EE900A30BC0A
:103AD00070471D48704707EE900A9FED1E5AF8EE9A
:103AE000E77AD2E713689B0620D5146807EE900AA0
:103AF0001549F7EE005A136BC4F3C104F8EEE77AE8
:103B00009FED135AC3F30803E14006EE903A06EE28
:103B1000101AF8EEE66AB8EEC66AE7EE056A86EEB7
:103B2000277A76EEA56A66EE876AC1E707EE900A05
:103B30009FED095AF8EEE77AA7E700BF0044025864
:103B400000093D0040787D010090D0030024744AB4
:103B50000000003920BCBE4B0024744C184A38B514
:103B6000136903F03803102B1AD0182B23D0CBB1D4
:103B70001448134B14499A699B69C2F30322134CEE
:103B800003F00F03124D8A5CCB5C02F01F0220FA97
:103B900002F203F01F0022FA00F02A60206038BD14
:103BA0000C48E6E713689B0608D513680A48C3F378
:103BB000C103D840DDE7FFF7ADFEDAE70648D8E7F6
:103BC0000044025800093D00BC9E00082800002463
:103BD0002400002440787D010090D0031C4A38B5B1
:103BE000136903F03803102B21D0182B2AD003B30C
:103BF0001848174A18499369184CC3F30323184D02
:103C0000CB5C03F01F03D840936903F00F032860D7
:103C1000CB5C03F01F0320FA03F32360D269C2F3E5
:103C20000212885C00F01F0023FA00F038BD0D4836
:103C3000DFE713689B0608D513680B48C3F3C1037D
:103C4000D840D6E7FFF766FED3E70748D1E700BFC5
:103C50000044025800093D00BC9E000828000024D2
:103C60002400002440787D010090D003134B3F22B4
:103C700002601A6902F0070242609A6902F47062F7
:103C800082609A6902F00F02C2609A6902F07002C3
:103C90000261DA6902F070024261DA6902F4E062FC
:103CA00082611B6A10B403F07003054CC361236882
:103CB0005DF8044B03F00F030B607047004402589B
:103CC000002000524F4A70B4916A956AD66A15F482
:103CD0007C3FC5F30533D46B5DD0C4F3CC04C6F38D
:103CE000001601F0030106FB04F4012907EE904AD7
:103CF000B8EEE77A03D0022976D0002950D007EE3B
:103D0000903A9FED415AF8EEE77A936BC5EE276A39
:103D1000DFED3E5AC3F3080307EE903AB7EE006AB0
:103D2000F8EEE77AE7EE257A77EE867A66EEA76A0E
:103D3000344AB7EE006A936BC3F3462307EE903A1A
:103D4000F8EEE77A70BC77EE867A86EEA77ABCEE5C
:103D5000C77A80ED007A936BC3F3064307EE903A7F
:103D6000F8EEE77A77EE867A86EEA77ABCEEC77A27
:103D700080ED017A936BC3F3066307EE103AB8EE59
:103D8000C77A37EE067AC6EE877AFCEEE77A17EE48
:103D9000903A8360704770BCC0E90033836070471D
:103DA0001168890627D5146807EE903A1849F7EE8E
:103DB000005A936BC4F3C102F8EEE77A9FED135AF1
:103DC000C3F30803D14006EE903A06EE101AF8EE5F
:103DD000E66AB8EEC66AE7EE056A86EE277A76EE00
:103DE000A56A66EE876AA3E707EE903A9FED095A47
:103DF000F8EEE77A89E707EE903A9FED075AF8EE7A
:103E0000E77A82E7004402580024744A000000392F
:103E10000090D00320BCBE4B0024744C4F4A70B4B9
:103E2000916A956AD66A15F07C7FC5F30553546C88
:103E30005DD0C4F3CC04C6F3002601F0030106FBF9
:103E400004F4012907EE904AB8EEE77A03D002297C
:103E500076D0002950D007EE903A9FED415AF8EE07
:103E6000E77A136CC5EE276ADFED3E5AC3F3080309
:103E700007EE903AB7EE006AF8EEE77AE7EE257AB9
:103E800077EE867A66EEA76A344AB7EE006A136C5C
:103E9000C3F3462307EE903AF8EEE77A70BC77EE6C
:103EA000867A86EEA77ABCEEC77A80ED007A136C2C
:103EB000C3F3064307EE903AF8EEE77A77EE867A98
:103EC00086EEA77ABCEEC77A80ED017A136CC3F355
:103ED000066307EE103AB8EEC77A37EE067AC6EEFA
:103EE000877AFCEEE77A17EE903A8360704770BCF1
:103EF000C0E90033836070471168890627D51468CC
:103F000007EE903A1849F7EE005A136CC4F3C10259
:103F1000F8EEE77A9FED135AC3F30803D14006EE9B
:103F2000903A06EE101AF8EEE66AB8EEC66AE7EEC8
:103F3000056A86EE277A76EEA56A66EE876AA3E7BB
:103F400007EE903A9FED095AF8EEE77A89E707EE17
:103F5000903A9FED075AF8EEE77A82E7004402585C
:103F60000024744A000000390090D00320BCBE4BEE
:103F70000024744C4F4A70B4916A956AD66A15F45D
:103F80007C7FC5F30513546B5DD0C4F3CC0406F0FD
:103F9000010601F0030106FB04F4012907EE904A33
:103FA000B8EEE77A7FD0022976D0002950D007EE0C
:103FB000903A9FED415AF8EEE77A136BC5EE276A07
:103FC000DFED3E5AC3F3080307EE903AB7EE006AFE
:103FD000F8EEE77AE7EE257A77EE867A66EEA76A5C
:103FE000344AB7EE006A136BC3F3462307EE903AE8
:103FF000F8EEE77A70BC77EE867A86EEA77ABCEEAA
:10400000C77A80ED007A136BC3F3064307EE903A4C
:10401000F8EEE77A77EE867A86EEA77ABCEEC77A74
:1040200080ED017A136BC3F3066307EE103AB8EE26
:10403000C77A37EE067AC6EE877AFCEEE77A17EE95
:10404000903A8360704770BCC0E90033836070476A
:1040500011688906ABD5146807EE903A1849F7EE57
:10406000005A136BC4F3C102F8EEE77A9FED135ABE
:10407000C3F30803D14006EE903A06EE101AF8EEAC
:10408000E66AB8EEC66AE7EE056A86EE277A76EE4D
:10409000A56A66EE876AA3E707EE903A9FED095A94
:1040A000F8EEE77A89E707EE903A9FED075AF8EEC7
:1040B000E77A82E7004402580024744C000000397B
:1040C0000090D00320BCBE4B0024744AB0F5807F22
:1040D00000B585B057D0B0F5806F1AD0B0F5006F3D
:1040E00000F0AD80B0F5805F60D0B0F5002F00F03B
:1040F000BC80B0F5803F00F0E580B0F5804F00F067
:10410000FA80B0F5004F00F0BF80002005B05DF8E8
:1041100004FB984A936D03F46003B3F5800F00F03D
:1041200089801ED9B3F5C00F29D0B3F5000FECD1AB
:10413000D36C116803F04053490702D5002B00F0FF
:10414000D4808C4A1268D00503D5B3F1805F00F0AB
:104150000E81884A12689103D7D5B3F1005FD4D19C
:10416000A4E0002B3FD0B3F5001FCED1106810F0B3
:10417000006005D001A8FFF7A5FD019800E07E488A
:1041800005B05DF804FB7B4B1B6D03F00703042BAC
:10419000BBD801A252F823F005420008F9410008FB
:1041A000154200087F41000811420008714A136D52
:1041B00003F4E043B3F5005F3CD035D9B3F5405F7D
:1041C000DDD0B3F5804FA0D1D36C126803F040531B
:1041D0005007B6D5002BB4D1664B68481B68C3F3B3
:1041E000C103D840CCE7106810F00070C8D001A817
:1041F000FFF7C0FE0298C3E75E4B186810F000603E
:10420000BED0B7E75B4B186810F00070B8D0EEE78F
:10421000584A8DE7574B186810F00050B0D001A8ED
:10422000FFF7FCFD0198ABE7002BDCD0B3F5805F16
:104230009CD06AE7106810F00050A1D0EFE74D4A1B
:10424000936D03F0E063B3F1007FF3D005D8002B4A
:10425000C9D0B3F1807F89D057E7B3F1407F8ED0CA
:10426000B3F1806F3FF464AF4FE7424A936D03F4BC
:104270004033B3F5803F1BD0B3F5003F3FF458AF58
:10428000002B7FF442AF71E73A4A136D03F04053BD
:10429000B3F1805FA7D0B3F1005F77D0002B7FF43C
:1042A00034AF106810F400303FF46AAF344867E769
:1042B000106810F000503FF463AF01A8FFF7AEFDA7
:1042C00003985DE72B4BDA6CD2039CD5186810F08D
:1042D00000603FF455AF01A8FFF7F4FC03984FE7E7
:1042E000106810F004003FF44BAF13682348C3F389
:1042F000C103D84044E71F4A936D03F0E043B3F194
:10430000405FEDD010D8B3F1805F3FD0B3F1005FD4
:1043100018D1184B186810F000503FF431AF01A8C5
:10432000FFF77CFD02982BE7B3F1804F19D0B3F172
:10433000A04F7FF4EAAE0F4B186810F400303FF442
:104340001FAFB3E7002B7FF4E0AEFFF707FC094B8C
:104350000C4A1B6AC3F30213D35C03F01F03D8405B
:104360000EE7044B186810F480703FF409AF06485C
:1043700006E700BF004402580080BB000090D00355
:1043800040787D01BC9E000800093D00054B18687F
:1043900010F000603FF4F4AE01A8FFF793FC029820
:1043A000EEE600BF004402582DE9F04F0C6883B0E0
:1043B000002C00F0A3804FF0000C864F63460122D2
:1043C0009A4012EA040E00F092804D6805F003094D
:1043D00009F1FF36012E40F29480B9F1030F40F04D
:1043E000CE8009FA0CF26FEA0208066815F4403F25
:1043F00006EA080642EA0602026078D0D7F8F420FE
:1044000023F0030803F003090F2642F0020208F12B
:10441000B0484FEA8909C7F8F42008F58068D7F852
:10442000F42006FA09F602F002020192019AD8F885
:10443000082022EA0602684EB04224D006F58066C3
:10444000B04200F0A880654EB04200F0A980644EF2
:10445000B04200F09B80634EB04200F0AB80624EF1
:10446000B04200F0AC80614EB04200F09E80604EE1
:10447000B04200F0A9805F4EB0420CBF09260A2668
:1044800006FA09F63243C8F808204FF0B04215F496
:10449000801F6FEA0E0612684FF0B0480CBF324022
:1044A0004EEA020215F4001FC8F80020D8F80420D4
:1044B0004FF0B0480CBF32404EEA020215F4003F04
:1044C000C8F80420D8F884204FF0B0480CBF324020
:1044D0004EEA0202ED034FF0B045C8F88420D8F848
:1044E000802054BF32404EEA0202C5F880200133DA
:1044F0000CF1020C34FA03F27FF461AF03B0BDE8B3
:10450000F08F4FF00308866808FA0CF826EA080ACC
:10451000CE686FEA080806FA0CF646EA0A068660D4
:10452000C5F30016D0F804A09E402AEA02023243E6
:104530004260C268B9F1020F8E6802EA080206FA08
:104540000CF646EA020609FA0CF2C6607FF44DAF9B
:104550004FEAD30903F0070B0F2600EB89094FEA56
:104560008B0BD9F820A006FA0BF62AEA060A0E6988
:1045700006FA0BF646EA0A06C9F8206035E74FF05E
:10458000030808FA0CF86FEA0808D2E7032606FACF
:1045900009F6324377E7012606FA09F6324372E755
:1045A000022606FA09F632436DE7062606FA09F6F0
:1045B000324368E7042606FA09F6324363E7052624
:1045C00006FA09F632435EE7072606FA09F6324391
:1045D00059E700BF00440258000002580008025882
:1045E000000C02580010025800140258001802581B
:1045F000001C025800240258002900F0A08000236B
:104600002DE9F04FDFF8589183B0DFF85881DFF8DB
:1046100058A1DFF858B14FF0010E0EFA03F212EA7A
:10462000010C67D023F0030503F003040F26404577
:104630004D444FEA8404AF6806FA04F607EA060719
:1046400001971BD0504516D058455AD03F4FB8421D
:1046500061D03F4FB84263D03E4FB84256D03E4F34
:10466000B84267D03D4FB8426AD0DFF804E17045E8
:104670005BD04FF00A0E0EFA04F400E00024019F14
:10468000A74219D14FF0B044D4F8807027EA0C0744
:10469000C4F88070D4F8847027EA0C07C4F88470DA
:1046A000676827EA0C076760276827EA0C07276016
:1046B000AC6824EA0604AC605D00032403F007063E
:1046C0000F27AC400568B6002543B7400560DD08FC
:1046D00000EB85052E6A26EA07062E62C56825EAE4
:1046E0000405C560456825EA02024260826822EA44
:1046F00004028260013331FA03F28CD103B0BDE8C9
:10470000F08F4FF0020E0EFA04F4B8E74FF0050EEA
:104710000EFA04F4B3E74FF0030E0EFA04F4AEE71A
:104720004FF0040E0EFA04F4A9E74FF0090E0EFA4A
:1047300004F4A4E74FF0060E0EFA04F49FE7704766
:104740004FF0070E0EFA04F499E700BF000C025870
:10475000001002580014025800180258001C025899
:1047600000040058000002580004025800080258D3
:104770000024025806494FF6FF0C0002054BCA6898
:1047800000F4E06002EA0C0210430343CB60704780
:1047900000ED00E00000FA051B4BDB68C3F30223C9
:1047A00000B5C3F1070E03F1040CBEF1040F28BFDE
:1047B0004FF0040EBCF1060F1AD9033B4FF0FF3C3B
:1047C0000CFA03FC22EA0C024FF0FF3C00280CFA22
:1047D0000EFC21EA0C0101FA03F141EA02010ADBB5
:1047E00009010A4BC9B2034483F800135DF804FBC6
:1047F00000221346E8E700F00F000901044BC9B29C
:10480000034419765DF804FB00ED00E000E100E0F0
:10481000FCEC00E0002807DB012300F01F01034A45
:1048200040098B4042F82030704700BF00E100E0B3
:1048300000280CDB4309012200F01F00044920334B
:10484000824041F82320BFF34F8FBFF36F8F704733
:1048500000E100E010B50320124CFFF78BFFFFF7DB
:10486000DDF8114B11499A699B69C2F3032203F0E9
:104870000F038A5CCB5C02F01F020D4903F01F039B
:10488000D04020FA03F308600F202360FEF790FA6F
:1048900010B10124204610BD0446FDF731FE20462C
:1048A00010BD00BF2800002400440258BC9E000830
:1048B00024000024034A044B11681B780B44136046
:1048C000704700BFE807002418000024014B186857
:1048D000704700BFE8070024034A536823F46003CD
:1048E00018435060704700BF000400584FF0010C9F
:1048F00001F01001034670B404680CFA01F0A04303
:1049000029D05068C8B9FC2418688C4020EA0400FB
:1049100014688C40204318605569DC6BD2E90306AB
:1049200040EA060207202A4388408A4024EA000120
:1049300000200A4370BCDA63704715681C6828437E
:104940009568284340F6FC758D40884024EA0504AC
:1049500020431860E0E7604670BC7047002800F014
:104960003A81C36EF0B5044683B0002B00F0188185
:104970009D4B2322E266D3F8F42042F00202C3F8F2
:10498000F420D3F8F430207A03F002030193019B62
:10499000002840F0FB80FFF79FFF236803F580535A
:1049A0001A6842F001021A60FFF790FF054606E020
:1049B000FFF78CFF431BB3F5FA7F00F2EA80236810
:1049C00003F580521268D207F2D4D3F80052FFF7F1
:1049D000C5F8864B864A25F470650344934280F0FF
:1049E000E28045F400752368C3F80052FFF7B6F87B
:1049F000804B2168A3FB00237F4D80489B0C013B2B
:104A0000C1F8DC300A687E4B2A404FF60D7513431F
:104A10007C4A0B604B68034001F5805043F4C3634C
:104A20004B60CB681A40CA600B6F774A2B406569B0
:104A30000B67D1F8903023F00303C1F89030D1F820
:104A4000003D23F0720343F00203C1F8003DD1F8AA
:104A5000303D23F07B0343F02003C1F8303D036871
:104A60001A406A4B02604268134041F201021A4345
:104A7000674B4260D0F800211340664A43F4067346
:104A8000C0F80031D0F804311A40634B42F40012F0
:104A9000C0F80421D0F80821134043F40013C0F8F3
:104AA0000831D0F8003123F4E01343F40023C0F8B8
:104AB000003115F0030340F09080D0F8086103271F
:104AC000564A324042EA4502E56805F11806C0F848
:104AD000082122692B606B6002F1180CAB60EB605F
:104AE000A561AB61EB612B626B62E66105F130069B
:104AF0002B636B63AB63EB63266205F14806AB6423
:104B0000EB642B656B65666202F14806A362C0F830
:104B10002C71C0F81451C0F8205113605360936099
:104B2000D360C2E904336264656893619362D361C0
:104B3000D36213625362C4F848C002F1300C1363AD
:104B40001364536353649363D363C4F84CC0936496
:104B50009365D364D36513655365C4E91463C4E9ED
:104B60001633C4E91833C0F83071C0F81C21C0F8FE
:104B70002861AA88C1F8002310222868C1F804031C
:104B800018466367E266226703B0F0BD4FF4000089
:104B900001E70422E02301206267E36603B0F0BD71
:104BA000FDF7C8FCE4E61E4B1E4A034493420FD9AE
:104BB0001D4B1E4A03449342FFF415AF1C4B1D4A84
:104BC0000344934294BF45F4807545F480650AE739
:104BD00045F4407507E7012070470120E023606736
:104BE000E36603B0F0BD00BF0044025800D3CEFE20
:104BF000C0E1E40083DE1B43838004000080F8C032
:104C000000603038F0FEFFFFFD87FFFFFE2FFFFF43
:104C100000C0FEFFEFEFC0FFFFFFC07F0180FFFF7E
:104C200040F1E9FD3F787D0100796CFC005A620299
:104C3000001F0AFA7FF0FA02F0B54C68002C35D15B
:104C40008C680D6925430C6845EA8445D1E9066402
:104C500034434E693443CE683443866ED0F88400C2
:104C600006FB03F30E6A40F8235044EA066400EBA7
:104C70008303124D5C60C889285CB0B14FF0000C12
:104C8000907803EB0C0ED7780CF1040C0004167826
:104C90005478043240EA0760304340EA0420CEF8FA
:104CA0000800C889285C6045EAD8F0BD0C690D6829
:104CB00025438C68254345F08045C7E7489E00089A
:104CC0002DE9F04F99B004464C22474905A804F05D
:104CD00079FF002C00F0C0812368444A93427ED0C3
:104CE00094F8982002F0FF01002A71D09A6922F00E
:104CF00010029A61FFF7EAFD054604E0FFF7E6FDC2
:104D0000401B0A2858D823689A691107F6D49A6973
:104D100042F001029A61FFF7D9FD054604E0FFF772
:104D2000D5FD401B0A2847D823689A69D207F6D5D3
:104D30009A6942F002029A61227C012A9A690CBFA8
:104D400022F0400242F040029A61627C012A9A6994
:104D50000CBF42F4804222F480429A61A27C012A74
:104D60009A690CBF22F4805242F480529A619A6987
:104D7000D4E9020122F44072012942EA00029A6158
:104D80009A6922F0A4029A611A6922F010021A614B
:104D90002ED089B302299A6900F0858142F0800201
:104DA00003299A611A6942F010021A6124D19A69A2
:104DB00042F020029A611FE0D4F89C3001200322C7
:104DC0000343C4F89C3084F8982019B0BDE8F08FF4
:104DD000204684F89910FDF733FC236886E702F536
:104DE000807262607CE700BFA89C000800A00040C1
:104DF0009A6942F004029A61B0F5407FD4E9061244
:104E000002F1FF3201F1FF314FEA022242EA416230
:104E1000216A01F1FF3142EA0102616901F1FF31CA
:104E200042EA0142DA610ED1A16AD4E90B020139EA
:104E3000013A0138120142EA00220A43616A01394B
:104E400042EA0142DA60D4F860B0BBF1000F05D04D
:104E5000D3F8C020616E0A43C3F8C020E26D1BEB9B
:104E6000020F019240F0FC80A26E0392D4E91085FB
:104E7000B8F1000F0BD018A9D3F8BC2001EB8501C5
:104E800022F0070251F84C1C0A43C3F8BC20D4E9B5
:104E9000126066B118A9D3F8BC2001EB800122F0A2
:104EA000700251F84C1C42EA0112C3F8BC20D4E94C
:104EB00014276AB10DF1600CD3F8BC100CEB870C11
:104EC00021F4E0615CF84CCC41EA0C21C3F8BC1041
:104ED00077498B4200F0DE8007FB02F24FF00101C0
:104EE00005FB08F9734D02920022D4F834E000FB70
:104EF00006FAC4F89C20C4F8942084F89810D3F8DB
:104F00008420D4F838C02A40E76BA06D42EA8E02B4
:104F1000C3F88420D3F8842022F47F0242EA0C42B2
:104F2000C3F884200EEB0C02D3F88810294041EA24
:104F3000820102EB4702C3F88810D3F8881021F4ED
:104F4000FE0141EA0741C3F88810D3F8A0102940B8
:104F500041EA82014A44C3F8A010D3F8A01021F41A
:104F6000FE0141EA0841C3F8A010D3F8B01029406F
:104F700041EA8201C3F8B01002EB0A01D3F8B02075
:104F800022F4FE0848EA0646C3F8B060D3F8AC2025
:104F9000029E2A4042EA81023144C3F8AC20D3F891
:104FA000F0202A4042EA810201EB4001C3F8F020E0
:104FB000D3F8F02022F47C1242EA0042C3F8F02039
:104FC0003D4A7244920002EB8C0C0CEBC70707EBD6
:104FD000890909EB8A08D3F8C0A00AEA050A08EB98
:104FE000860E4AEA81010EEBC006C3F8C010D3F862
:104FF000C010019D21F47C11039841EA054100FB9A
:1050000005F5C3F8C01006EB8505D3F8C0A000FB7A
:105010000BF12AF07C5A05EB81014AEA0B6AC3F8CE
:10502000C0A0264BC4F888509942E266C4F890109C
:10503000C4E91CC7C4E91E98C4E920E61FD88A4207
:1050400006D2002342F8043BD4F890309A42F8D3B9
:10505000002019B0BDE8F08F012019B0BDE8F08F35
:10506000A16E18A8D3F8C820039100EB810122F0AB
:10507000070251F84C1C0A43C3F8C820F6E6D4F8DE
:105080009C300322012043F02003C4F89C3084F8B4
:1050900098209AE6D4F804C0DCF8081021F0030147
:1050A000CCF8081018E742F020029A61A4E600BF8D
:1050B00000A000400300FFFF002B0010FCD30040C5
:1050C000002842D010B590F898300446022B27D122
:1050D0000268936943F0010393619369D80706D48A
:1050E000332301E0013B32D09169C907FAD59369B6
:1050F00023F0100393619369180706D5332301E069
:10510000013B24D091690907FAD493690020012159
:1051100043F002039361C4F8940084F8981006E009
:10512000D0F89C30026843F00803C0F89C30D36D7F
:10513000204623F00303D365FDF71AFB0023C4F8D0
:105140009C30184684F8983010BD01207047D4F880
:105150009C30032143F00103C4F89C3084F898107C
:10516000E5E700BF90F898200346012A07D0D0F861
:105170009C20012042F00402C3F89C20704710B428
:1051800002220468002180F89820A269084622F0D3
:105190000102A2615DF8044BC3F89C10704700BF88
:1051A000F8B590F898300446022B12D10668D6F86C
:1051B000C03013F07C5F14D0D6F8C45015F400153D
:1051C00017D0D0F89C30012043F40073C4F89C3011
:1051D000F8BDD0F89C30012043F00803C4F89C309F
:1051E000F8BDD0F89C30012043F02003C4F89C3077
:1051F000F8BDD6F8C470C7F304473B46FFF71CFD63
:1052000001222846BA40C6F8D020C4F89420F8BD40
:105210000368D3F8C40000F03F007047034690F8DD
:1052200098000138012807D9D3F89C20012042F0CA
:105230000202C3F89C207047012A1A684FF0000050
:10524000936D0CBF8B430B4393657047034690F8F7
:1052500098000138012807D9D3F89C20012042F09A
:105260000202C3F89C2070471868836D0B4210B48B
:105270001FD1C36D43F00103C3658C0504D5D0F87D
:10528000E0301343C0F8E0304B0504D5D0F8E430EB
:105290001343C0F8E4300D4B446D0B400C4A2343DC
:1052A0005DF8044B43650020536943EA91735361F1
:1052B0007047836D31EA030302D00323C365DCE743
:1052C000C36D43F00203C365D7E700BFFFFFCF3FC5
:1052D00000A80040704700BF704700BF704700BF84
:1052E000704700BF704700BF704700BF704700BFE6
:1052F000704700BF704700BF704700BF704700BFD6
:10530000704700BF704700BF704700BF704700BFC5
:10531000704700BF704700BF9F4A116953692DE96C
:10532000F0474FEA837A036804460AEA817A196DE6
:105330005D6D01EA0509196D5D6D1F6D09F4704918
:1053400001EA0508596D1D6D0F40596D1E6D08F07D
:105350000F080D40596D07F0F0070E40596D05F02C
:105360007155C90506F0607603D5196DC90500F1C0
:10537000EB805A6D510503D51A6D520500F1ED8091
:10538000BAF1000F7ED1B9F1000F6DD1B8F1000F65
:1053900054D1002F5ED15A6D100503D51A6D110539
:1053A00000F1EF805A6D920503D51A6D970500F153
:1053B000F7805A6D100303D51A6D110300F10081B7
:1053C0005A6DD20303D51A6DD70300F104815A6DCB
:1053D000500303D51A6D510300F1AB805A6D92034F
:1053E0000ED51A6D97030BD54FF4003200211A65C4
:1053F000694A1161D4F89C2042F08002C4F89C20D4
:1054000096B945B1644A00211D651161D4F89C200C
:105410002A43C4F89C20614A934248D0D4F89C3077
:10542000002B3FD1BDE8F0871E6500235A4A314664
:1054300020461361FFF766FF2368E2E7C3F8508058
:105440000022554B414620461A61FFF747FF23686B
:10545000002FA0D01F6500224F4B394620461A610D
:10546000FFF73EFF236896E7C3F8509000224A4BAF
:10547000494620461A61FFF72FFF2368B8F1000F55
:1054800087D0DBE70022514620461A654FEA9A7220
:10549000414B1A61FFF71EFF2368B9F1000F3FF47B
:1054A00075AFE1E72046FFF72BFFBDE8F0876368A3
:1054B0009A689007B2D0196A586A1A6A0140586A05
:1054C0001F6A02EA00085A6A1E6A11F00F0107EA11
:1054D00002075A6A1D6A08F0300806EA02065A6A8C
:1054E00007F4C07705EA020506F4FC4605F4F0254A
:1054F00040F08380B8F1000F40F093805A6A510663
:1055000002D51A6A52067ED4002F6FD136B1636875
:105510001E62D4F89C303343C4F89C30002D3FF415
:105520007DAF63681D62D4F89C302B43C4F89C3077
:1055300074E74FF4802220461A650022164B1A6148
:10554000FFF7DAFE236849E74FF4807119650023FD
:105550001361FFF7D3FE23680BE7D3F8DC104FF499
:105560008060D3F8E420186520460B4B11400022E0
:105570001A61FFF7BBFE2368BAF1000F3FF403AFD7
:1055800080E74FF4006220461A650022024B1A6140
:10559000FFF7A8FE236805E700A8004000A0004030
:1055A000D3F8D8104FF40070D3F8E02018652046E7
:1055B000204B114000221A61FFF796FE2368F8E69F
:1055C0004FF4002220461A6500221A4B1A61FFF799
:1055D0008FFE2368F4E64FF4803220461A650022DD
:1055E000144B1A61FFF786FE2368F0E663683946BC
:1055F00020461F62FFF78EFE88E719622046FFF7FC
:1056000083FE636876E7D96B4020DA6B090C186279
:1056100002F03F022046FFF77BFE002F3FF476AFFB
:10562000E4E7C3F8208041462046FFF76FFE636839
:1056300064E700BF00A800400346006820F00100B6
:1056400030B4D1E902241860186842EA04220C69D7
:1056500020F4F850024348681A6018611A6811482B
:1056600042F001021A609A6822F400429A608A6944
:105670009D682243284002439A601CB19A6842F414
:1056800000429A601A6800200C6822F440124969AE
:1056900022431A605A6822F400420A4330BC5A601E
:1056A000704700BF00F8FFFF002867D038B590F8BA
:1056B000A130044603F0FF02002B5AD0A06802215B
:1056C000D4E9003284F8A1100243E16898690A43E2
:1056D000216920F070400A43294998619869024382
:1056E00060699A619A680A409A609A6842EA004240
:1056F000A0690243E0699A60DA680A40DA60DA6811
:1057000042EA0042206A0243606ADA601A690A408B
:105710001A611A6942EA0042A06A0243E06A1A6109
:105720005A690A405A615A69216B42EA00420A43A7
:105730005A61DA6A94F8350002F07F4294F8361024
:10574000DA62DD6A94F834202A4342EA002200201B
:1057500042EA0142DA625A6B42F006025A639A69DF
:1057600042F001029A610123C4F8A40084F8A13038
:1057700038BD80F8A020FDF73BF89FE70120704777
:1057800000F800F090F8A030012B00F0C080022358
:105790002DE9F04F4FF0340ED0F8009080F8A13092
:1057A00083B00EFB020ED201D9F80C300C4602F188
:1057B00084060D46C3F30B4B804609EB060C0EF135
:1057C000380EDFF860A1DCF8043003F47043019375
:1057D0000FCCAEE80F000FCC6F68AEE80F000FCC17
:1057E000AEE80F002368BB44CEF80030019B2A6866
:1057F000CCF80430D9F80C30511CE868C3F30B43E3
:10580000D5F818E00B4443EA0B43CCF80430D9F840
:105810000C10DCF80830C1F30A0103F470430144B2
:10582000CCF80830AB68D9F80C000133C0F30A009B
:10583000034443EA01432969CCF80830DCF810300E
:1058400023F00703CCF81030CCF81010DCF8183037
:10585000002395F8320095F83140CCF8183095F8CF
:10586000303043EA0E6343EA042343EA0043CCF8B2
:105870001830DCF8143023F0FF03CCF814306B69D7
:10588000CCF81430DCF81C00EB6900EA0A0A286A3C
:105890000343CCF81CA0CCF81C30DCF828300023E3
:1058A000CCF828306B6ACCF8283059BB0423BF1AD7
:1058B000AA6A03FB07F702FB03F3EA6A073747EA22
:1058C0000347DCF82C3003F0E023CCF82C30CCF884
:1058D0002C70124BDCF830100B40CCF83030CCF888
:1058E0003020012259F80630134349F806300023CE
:1058F000C9F82420184688F8A12088F8A03003B001
:10590000BDE8F08F0139062903D90123CFE7022032
:105910007047034B53F82130C9E700BF00F8FFFF81
:10592000589E0008F8F8FFFF70B50446FEF7CEFF5A
:10593000002C66D005460020A065636D03B170BDE4
:10594000204641F28836FDF739F8E169E2682368BC
:105950000A43616B986842EA01123149E6650140E9
:105960000A432169013942EA01426169013942EA87
:105970000122216A9A60DA6822F4E0220A43216B4C
:10598000DA60E26B42EA014261681A610139226C15
:105990005A611A6822F4F85242EA01221A6005E0BC
:1059A000FEF794FF431BB3422DD823681A6A920670
:1059B000F6D4D968626A21F0FF01A068013A0A436F
:1059C000DA60196821F040010143D4E90A20196026
:1059D000D3F808110243A06921F0A041022842EA4D
:1059E0000102C3F808211A6842F001021A6012D0BD
:1059F000E3680020B3F1806F0CBF012302236365CD
:105A000070BD012070BD4FF4007301206365A36D6C
:105A10000343A36570BD9A6842F002029A60E7E70B
:105A20008CF8E0F82DE9F04104460E469046FEF76A
:105A30004DFF636D013B012B04D910230120A365A9
:105A4000BDE8F0810746B8F1FF3F256812D12B6A07
:105A50009A06FCD4D6E9023200201343D6E900218D
:105A600043EA0243022243EA0123C5F80032626599
:105A7000BDE8F0812B6A9B06ECD5FEF727FFC01B23
:105A8000804502D3B8F1000FDDD14FF4007301203F
:105A90006365A36D0343A365D2E700BF934B026820
:105AA0009A422DE9F04F91B000F03E8100224FF470
:105AB00000760124154600234FF000084FF000093E
:105AC00008938B4BCDE90489CDE906895B68D8073B
:105AD00003D59F0701D401200490D80603D59F0663
:105AE00001D401200590D80503D59F0501D40120DC
:105AF0000690D80307D55F0305D4980354BF4FF031
:105B000001107C480790DF0107D5580105D49F019B
:105B100054BF4FF00113774B0893754B9B68D80720
:105B200003D59F0701D402200490D80603D59F0611
:105B300001D402200590D80503D59F0501D4022089
:105B40000690D80306D55F0304D4980354BF6A486F
:105B50006A480790DF0100F1D7804FF000084FF04E
:105B6000000963480027664B0E97CDE90A89CDE905
:105B70000C890768406817F0010F18BF4FF40073D5
:105B8000C70705D580EA0307BF0701D401270A9795
:105B9000C70605D580EA0307BF0601D401270B9786
:105BA000C70505D580EA0307BF0501D401270C9777
:105BB000C70309D580EA03077F0305D487034CBFD9
:105BC0004C4F4FF001170D97C70109D580EA030725
:105BD0007F0105D480014CBF46484FF001100E9064
:105BE00043488068C70705D580EA0307BF0701D48B
:105BF00002270A97C70605D580EA0307BF0601D426
:105C000002270B97C70505D580EA0307BF0501D416
:105C100002270C97C70308D580EA03077F0304D443
:105C200087034CBF354F344F0D97C70155D42F48CC
:105C3000036813F0010304D0036823F00103036039
:105C40000123304F386810F0010066D1019010A890
:105C500004EB440C264F00EBCC0C600002905CF887
:105C6000280C013807EB8000D0F804E02EF4807E89
:105C7000C0F804E03868C0075BD5386820F0010040
:105C80003860002D40F0D98110A802EB420E0D685B
:105C90004FEA420C00EBCE0E02955EF8300C5EF837
:105CA0002C7C85424D6800F0FA81BD427DD0D1F850
:105CB00008B05EF8287CBB4500F0EB815EF8247CE0
:105CC000D1F80C80B8455EF8207CD1F810E003973D
:105CD00072D0BE4540F0B4806EE043405B01A6D474
:105CE00087014CBF054B044B0E93A0E700500052B8
:105CF00000B4005201000001020001000200000196
:105D00002202040400A0005258013FF526AF9B0177
:105D100054BFB34BB34B08931FE7386820F0010022
:105D200038600220019092E7002601223446154691
:105D3000C1E65CF8300C0028A6D0013807EB8000E3
:105D4000456825F0010545605CF82C0C30B1013840
:105D500007EB8007786820F010007860600010ADD5
:105D6000204405EBC00050F8240C48B101389E4D8A
:105D700000F0010005EB8000456825F480354560A2
:105D8000600010AD204405EBC00050F8200C002846
:105D90003FF47AAF0138944D00F0010005EB80002C
:105DA000456825F0807545606EE75EF8207CD1F887
:105DB00010E00397D1E902B801388B4F0DF1400A8A
:105DC0000CEB020907EB80000AEBC909D0F804A02C
:105DD0002AF0010AC0F804A059F82C0C40B101388F
:105DE00007EB8000D0F8049029F01009C0F8049067
:105DF000944410AA7C4802EBCC0C5CF8282C013AA5
:105E000000EB8202D2F8049029F48079C2F8049061
:105E10005CF8242C42B1013A02F0010200EB82024C
:105E2000506820F480305060039A4AB1013A6E48BD
:105E300002F0010200EB8202506820F08070506096
:105E4000DFF8A4C10BF1FF300CEB8000426822F4B4
:105E50004072324342F4807242604A69DCF80010BA
:105E6000013AC1F307418A4207D9DCF8001021F456
:105E70007F0141EA0242CCF800205B4A116811F030
:105E8000010F029948D0481E02EB8000416821F0C2
:105E9000030141F00101416045B1013D02EB85057F
:105EA0006A6822F0300242F010026A6018F4803F03
:105EB00040F0A080B8F1000F0CD008F1FF384A493B
:105EC00008F0010801EB88014A6822F0E06242F024
:105ED00080724A601EF4803F00F09D800EF1FF3E0C
:105EE00041490EF0010E01EB8E014A6822F4E022D6
:105EF00042F440324A6023B13C4A136843F0010344
:105F00001360019B23B13A4A136843F00103136005
:105F1000002011B0BDE8F08F4F1E600002EB870734
:105F2000796821F00301014341F00101796055B125
:105F3000013D02EB8502516821F0300141EA441134
:105F400041F01001516018F4803F24D1B8F1000FE6
:105F50000ED008F1FF38244908F0010801EB880150
:105F60004A6822F0E06242EA846242F080724A604B
:105F70001EF4803F21D00EF1FF3E1B490EF0010EB2
:105F800001EB8E014A6822F4E02242EA844242F4A4
:105F900040324A60AFE708F1FF3813491EF4803FF2
:105FA00008F0010801EB88014A6822F4E02242EA85
:105FB000844242F480324A60DDD1BEF1000F9AD0B3
:105FC0000EF1FF3E08490EF0010E01EB8E014A680A
:105FD00022F0E06242EA846242F040724A608AE75C
:105FE000020001000200000100B400520050005203
:105FF00000A0005208F1FF3839491EF4803F08F034
:10600000010801EB88014A6822F4E02242F4803260
:106010004A607FF463AFBEF1000F3FF46CAF0EF146
:10602000FF3E2F490EF0010E01EB8E014A6822F06F
:10603000E06242F040724A605DE70A98013807EB7F
:106040008000456845F0020545600B9830B1013885
:1060500007EB8000456845F0200545600D9848B184
:1060600001381F4D00F0010005EB8000456845F444
:10607000802545600E9800283FF406AE0138184D83
:1060800000F0010005EB8000456845F08065456043
:10609000FAE55EF8207CD1E9038E03978CE6BD42D9
:1060A0007FF483AE5EF8247CD1F80C80B8455EF8AE
:1060B000207C039704D0D1F808B0D1F810E07BE63B
:1060C000D1F810E0BE4502D0D1F808B074E604481B
:1060D000026842F001020260D1F808B0B0E600BFE9
:1060E00000B40052002800F033812DE9F843044643
:1060F00090F838000128236800F08580B34A934265
:106100000DD0203293420AD0B14A934200F00A8166
:106110002032934200F006810120BDE8F88394F814
:106120009120AC4E02F0FF01002A00F00381AA4A40
:10613000AA491268A1FB02121968120B21F48031DE
:1061400092001960002A6FD01968013A11F4803169
:10615000F8D1022284F89120E268012A00F0F5804B
:10616000022A15BF0320232000222022A568022D29
:1061700000F0E880052D00F0E480A5F10105B5FAF6
:1061800085F56D09AD023260226A002A55D08F4A2A
:10619000934200F00D812032934200F009818C4A35
:1061A000934200F029818E4A934200F00881A06951
:1061B000B0F5002F00F0E980D4F828C001EB810190
:1061C000226ABCF1806F4FEA4101676C14BF4FF047
:1061D00001084FF00208D4F854E002FB08F2120262
:1061E000B1FBF2F17F4AA2FB0182D20802EB8208E6
:1061F000A1EB4801092908BF0132042F626222D1B4
:10620000520862621FE0714A934205D002F1C05207
:10621000A2F5823293420ED16268012A0BD1626CE0
:10622000002A3FF46BAF06E0D4F89430012043F02D
:106230004003C4F89430BDE8F883676CA069D4F8D3
:1062400054E0D4E9092CD4F8048038F00201216D1F
:1062500040F09380013918BF01214FEA4129A16C18
:106260000EF1FF3E48EA0108E16C48EA0108E16AE4
:1062700048EA0108616948EA0108216948EA010819
:10628000216B48EA05053D431F682843564D3D40B4
:1062900040EA0C001D601D68284340EA025242EAB1
:1062A00009021A60E26958680A435049014059607E
:1062B000616B0A4359680A43E16D5A60626E9868DF
:1062C0000A43216E0A43A16D013942EA012248497D
:1062D00001404FF22000996099680A4342EA0E0299
:1062E0009A60D968A26E0140D960E16ED8680A430D
:1062F000616F42EA0142216F013942EA01223349CA
:1063000002438B42DA6025D0314A934222D00023E7
:106310000122C4F89430184684F8912084F8903013
:10632000BDE8F88394F89120324E02F0FF01002A74
:106330007FF4FDAE204684F89010FCF7C1FC236882
:10634000F5E602464FF400651DE7132010220DE725
:1063500001207047736C23F00103736494F83830A4
:10636000012BD4D1D4E90F23013A43EA0213736419
:10637000736C43F001037364C9E7A1F10101B1FA41
:1063800081F149094FEA412969E7676C042F3AD046
:10639000082F3CD0626D964601EB81014FEA41081F
:1063A000216A01FB02FCB8FBFCF1D4F828C019E714
:1063B0004FF48070FDF78AFE23680146EFE64FF444
:1063C0000060FDF783FE23680146F0E604580140B3
:1063D0000454005800580140240000241BECCB95C5
:1063E00024540058CDCCCCCC10C005F0F01FFFFFDA
:1063F0000080F8FF005400584FF48060FDF766FEFF
:1064000023680146CFE6D4F854E04022C4E7D4F82C
:1064100054E04FF48072BFE7002800F0AE8038B53A
:1064200090F83D30044603F0FF02002B7FD0226835
:1064300002235349B2F1804F84F83D30A2EB0101B1
:106440001368B1FA81F14FEA51114BD0002949D1BB
:106450004C484D4D82426FD000F5806082426BD037
:10646000551B00F58060B5FA85F582424FEA551557
:106470006BD0002D69D145498A4270D001F5806109
:106480008A426CD04248A1F5C8418A4218BF824274
:1064900065D001F580618A4261D0A06923F0800354
:1064A000E168034313606368D162936201230020B3
:1064B000536184F8483084F83E3084F83F3084F8E3
:1064C000403084F8413084F8423084F8433084F816
:1064D000443084F8453084F8463084F8473084F8F6
:1064E0003D3038BD284D23F07003A068551B034391
:1064F000B5FA85F56D09206923F440730343A0695B
:1065000023F0800303431360E368D36263689362FC
:1065100051B94DB91D491F4B9A4218BF8A4203D049
:1065200003F580639A42C1D163691363BEE780F8C3
:106530003C20FCF76FFB7AE7551B23F07003A06843
:10654000B5FA85F503436D09D5E7A06823F070031C
:10655000034311488242CED0002DCCD18BE7206975
:1065600023F44073A1690343E06823F080030B43E5
:1065700061681360D0629162CCE70120704700BF70
:1065800000000140000400400004014000400140C0
:106590000048014000440140000C004090F83D30AC
:1065A000012B4DD1026802212A4BB2F1804F18BF56
:1065B0009A4230B40CBF01230023274D274CAA4236
:1065C00008BF43F0010380F83D102548A24208BFF0
:1065D00043F0010304F58064D168A24208BF43F090
:1065E000010304F5406441F00101824208BF43F019
:1065F000010300F57050D160A24208BF43F00103CF
:106600001849824208BF43F001038A4208BF43F0A1
:10661000010333B9A0F5B840101AB0FA80F0400970
:1066200098B19168104B0B40062B0BD0B3F5803F0F
:1066300008D01368002043F00103136030BC70479A
:1066400001207047002030BC7047136843F00103FD
:106650001360F3E700000140000400400008004020
:106660000004014000E000400700010090F83C30C9
:10667000012B78D002460223006830B4012482F84E
:106680003D3082F83C40504C83680D681C404B689C
:1066900044EA030C4D4C602B0CEA040444EA050464
:1066A00084607ED026D8402B6BD033D9502B3CD180
:1066B0008B680C69016A21F00A011943036A23F00F
:1066C00001030362836923F0F00343EA0413836147
:1066D0000162C3680021012423F04003C360C36842
:1066E00023F48043C360084682F83D4082F83C10A2
:1066F00030BC7047702B38D06F2B16D934498B4281
:10670000E7D01BD9B3F5001FE3D009D931498B423B
:10671000DFD00AE0202BDCD01BD9302B05D1D8E705
:1067200023F010032C498B42D3D0012300211846BB
:1067300082F83D3082F83C1030BC704730398B42D3
:10674000C7D00AD925498B42C3D010318B42C0D063
:10675000EBE733F01003E8D1BBE723F01003B3F508
:10676000801FE2D1B5E702207047D1E90253846867
:106770002B430D6924F47F4143EA05230B438360D7
:10678000A7E7052DD1D0046A036A096923F0010344
:106790000362836923F0F00343EA01138361046217
:1067A00097E7036A8C6823F010030D69036281691F
:1067B000036A21F4704123F0A00341EA053143EA62
:1067C00004138161036284E78FFFCFFFF8FFFEFFB0
:1067D0005000100010002000600010003000100079
:1067E000704700BF704700BF704700BF704700BFD1
:1067F00003681A69910710B5044602D5DA68920752
:1068000068D41A69520702D5DA6850074FD41A695A
:10681000110702D5DA68120737D41A69D00602D5F3
:10682000DA68D1061ED41A69D20702D5DA68D00711
:1068300069D41A69110602D5DA6812066BD41A698E
:10684000D00502D5DA6811066DD41A69520602D550
:10685000DA6850066FD41A69910602D5DA68920692
:1068600049D410BD6FF0100108222046196122772B
:10687000DB6913F4407F6FD1FFF7B2FF2046FFF7CB
:10688000B3FF002223682277CDE76FF008010422CE
:10689000204619612277DB699B075AD1FFF7A0FFD9
:1068A0002046FFF7A1FF002223682277B5E76FF0AB
:1068B000040102222046196122779B6913F4407F6C
:1068C00044D1FFF78DFF2046FFF78EFF002223689B
:1068D00022779CE76FF002010122196102779B6920
:1068E000990730D1FFF77CFF2046FFF77DFF00229C
:1068F0002368227785E76FF0200220461A61BDE801
:10690000104000F091B86FF0010220461A61FBF7C9
:10691000BDFD23688DE76FF0800220461A6100F00C
:1069200085F823688BE76FF4807220461A6100F0C7
:106930007FF8236889E76FF0400220461A61FFF76D
:1069400055FF236887E7FFF74DFFD0E7FFF74AFFC2
:10695000BCE7FFF747FFA6E7FFF744FF91E700BF5B
:1069600090F83C30012B53D003680246022070B4EB
:10697000284D82F83D00AB4258689C683ED005F532
:106980008065AB423AD020F070052348234E834205
:1069900018BFB3F1804F0CBF01200020B34208BFE5
:1069A00040F0010006F58066B34208BF40F00100E8
:1069B00006F54066B34208BF40F0010006F5943684
:1069C000B34208BF40F001000E6835435D60144DCE
:1069D000AB4208BF40F0010010B91248834204D115
:1069E000896824F080040C439C6000230121184630
:1069F00082F83D1082F83C3070BC70474D6820F43E
:106A0000700028430D6820F0700028435860E7E7C5
:106A100002207047000001400004004000080040D0
:106A200000E0004000E40040704700BF704700BF36
:106A3000704700BF444AB0F1804F0368A0EB0202E8
:106A4000B2FA82F230B44FEA521227D032BB3F4C36
:106A5000A0424AD004F58064A04246D004F5806488
:106A6000A0424CD004F57844A04248D0384A904225
:106A700055D002F58062904251D0364CA2F5C84202
:106A8000904218BFA04254D002F58062904250D08C
:106A90008C680A880360C46282621FE04C6823F03D
:106AA000700323432C4C041BB4FA84F46409CD68AE
:106AB00023F440732B4303608B68C3620B888362AB
:106AC00052B94CB9224A254B984218BF904203D084
:106AD00003F58063984201D10B690363436943F076
:106AE000010330BC4361002070471B4C23F070034E
:106AF0004D68041B2B43B4FA84F46409D7E74D684E
:106B000023F07003144C2B43154D041BA842B4FA18
:106B100084F44FEA5414CAD0002CC8D1A6E7CC683C
:106B200023F440738A68234303600B88C262836244
:106B3000D2E7CC6823F440738A68234303600B8850
:106B4000C2628362BEE700BF000001400004004053
:106B50000040014000480140000401400044014061
:106B6000000C0040B1F5805F034670B400F0FF8078
:106B700048D8102900F03C81B1F5807F7DD1016AB1
:106B8000146921F480710162016A406821F4007186
:106B9000DD6941EA0421904C2C40156821F4807194
:106BA0002C43556841EA05218C4DAB420ED005F5CA
:106BB0008065AB420AD08A4E05F58045AB4218BFCE
:106BC000B34203D005F58065AB4213D1556921F47A
:106BD000006120F4805041EA8521956921F48061AB
:106BE00040EA0510956820F4005041EA8521D569F6
:106BF00040EA4510D26858600020DC61DA6319620F
:106C000070BC7047B1F5803F7CD0B1F5801F76D164
:106C1000016A146821F48011156972481962196AB1
:106C200021F4001141EA05515D6D284021F48011E5
:106C300040EA0424506841EA0051684883420ED07B
:106C400000F5806083420AD0654D00F580408342A4
:106C500018BFAB4203D000F58060834206D158686C
:106C6000956920F4802040EA85205860D268002091
:106C70005C65DA65196270BC704701293FD1016A11
:106C8000146921F001010162016A406821F00201EA
:106C90009D692143504C2C40156821F001012C4383
:106CA000556829434D4DAB420ED005F58065AB428A
:106CB0000AD04B4E05F58045AB4218BFB34203D016
:106CC00005F58065AB4212D1556921F0080120F429
:106CD000807041EA8501956921F004012843956897
:106CE00020F4007041EA8501D56940EA4500D26888
:106CF000586000209C615A63196270BC7047012083
:106D000070BC7047016A146821F4803115693648F7
:106D10001962196A21F4003141EA05415D6D28408C
:106D200021F480310443506841EA00412B488342FA
:106D30000ED000F5806083420AD0294D00F58040D6
:106D4000834218BFAB4203D000F58060834206D176
:106D50005868956920F4803040EA05205860D26870
:106D600000205C659C6D9A65196270BC7047016A71
:106D700021F480510162016A456821F40051C4691F
:106D8000106941EA003119482040146821F480510B
:106D900040EA0424506841EA0031104883420ED092
:106DA00000F5806083420AD00D4E00F5804083429A
:106DB00018BFB34203D000F58060834204D125F4AC
:106DC0008045906945EA8015D26800205D60DC61ED
:106DD0001A64196270BC70478CFFFEFF000001400E
:106DE00000400140FF8FFFFE8FFFFEFFFF8CFFFE84
:106DF000016A146921F010010162016A406821F002
:106E000020019D6941EA04111B4C2C40156821F0BA
:106E1000100144EA0524556841EA0511174DAB42BB
:106E20000ED005F58065AB420AD0154E05F58045BC
:106E3000AB4218BFB34203D005F58065AB4213D116
:106E4000556921F0800120F4806041EA851195693F
:106E500021F0400140EA8500956820F4006041EA95
:106E60008511D56940EAC500D268586000209C6150
:106E70009A63196270BC7047FF8CFFFE00000140EE
:106E8000004001408B680A7B1A434B6822F4806201
:106E90001A430B6822F400621A43CB8922F4805211
:106EA00013430A6923F4005310B41343164CCA6AFF
:106EB00023F44043A04243EA020307D0134A90421E
:106EC00004D0436400205DF8044B7047D1E90542CB
:106ED00023F4702323434C6A23F080531343CA697D
:106EE00023F4700323430C6A23F0807313438A6AEC
:106EF00023F0007323435DF8044B23F00053134346
:106F000043640020704700BF0000014000040140BE
:106F100038B50368DB0749D404468B680D46D1E9D0
:106F20000402216803431343EA6913433A4A0A40BF
:106F3000E9681343394A23609442636823F4405359
:106F400043EA0103A9696360A36823F4407343EA39
:106F50000103A36048D0324B9C4229D0314B9C4264
:106F600026D003F580639C4222D003F580639C42C7
:106F70001ED003F544439C4236D0A3F51C439C42EB
:106F800016D003F580639C4212D003F51C439C424B
:106F90002AD003F580639C4226D02A680120E36A48
:106FA00092B223F00F031343E36238BD012038BDD2
:106FB0001D48FCF7B1FB0028EFD069680029ECD030
:106FC0002A680B2A14D8EB69B3F5004F174B53F816
:106FD00022300FD0B0FBF3F303EB51030020B3FBDF
:106FE000F1F39BB2E360DAE71148FCF795FBE2E7C7
:106FF0000020D4E7B0FBF3F04B0803EB40034FF65F
:10700000F070B3FBF1F303EA0001C3F34203002085
:107010000B43E360C3E700BFF369FFEF00100140DB
:10702000004400400048004008000007749E00082B
:107030000803000700F108034FF0FF3100228160D0
:1070400002604360C0E90333704700BF002303615F
:10705000704700BF4368026810B49C6801324B60FF
:107060008C609C68616099605DF8044B0861026007
:10707000704700BF30B40D686B1C10D000F10803DE
:107080001C465B681A68AA42FAD902684B60013252
:1070900099608C6061600861026030BC704704696F
:1070A0006368F2E7036910B45C68D0E901128442B6
:1070B0005DF8044B8A6051604FF0000108BF5A60D0
:1070C0001A680161013A1A601868704770B5154670
:1070D000026C0446866B2AB9056865B30136104612
:1070E000A66370BD7DB9406802F06CFD6368226CD8
:1070F0001344A2689342636019D32268013628467C
:107100006260A66370BDC06802F05CFD226CE3683B
:1071100051429B1A22689342E36002D2A3680B4457
:10712000E360022D0DD001360020A66370BD01364C
:107130002846A66370BD8068013601F073FCA56027
:10714000CEE7012E4FF0000038BF0126C8E700BF90
:1071500030B583B09DF8184040B94FF0500383F329
:107160001188BFF36F8FBFF34F8FFEE71D4653B1FA
:107170000AB389B94FF0500383F31188BFF36F8FBF
:10718000BFF34F8FFEE74FF0500383F31188BFF337
:107190006F8FBFF34F8FFEE76AB150230193019BBE
:1071A000502B13D04FF0500383F31188BFF36F8F30
:1071B000BFF34F8FFEE70029EFD04FF0500383F36A
:1071C0001188BFF36F8FBFF34F8FFEE7002908BF11
:1071D0002A46E86329642A60019A012285F846203C
:1071E00002F010F9296800236960AB63D5E90F202C
:1071F00000FB02F2101A0A440144AA60FF2205F1C2
:107200001000E96085F8442085F84520FFF712FF5B
:1072100005F12400FFF70EFF02F016F9284685F865
:107220004C4003B030BD00BFF8B540B94FF050033B
:1072300083F31188BFF36F8FBFF34F8FFEE7884250
:1072400004460E4608D24FF0500383F31188BFF373
:107250006F8FBFF34F8FFEE7502001F047FF0546C9
:1072600030B300270060C46380F84670076402F002
:10727000C9F82A68AF6305F110006A60D5E90F31DB
:1072800001FB03F3591A13440A44AB60FF23EA607D
:1072900085F8443085F84530FFF7CCFE05F1240031
:1072A000FFF7C8FE02F0D0F80223AE6385F84C3039
:1072B0002846F8BD2DE9F04784B00192002800F07F
:1072C0000381884604461F46002900F09780022F5C
:1072D0000BD1E36B012B08D04FF0500383F31188DF
:1072E000BFF36F8FBFF34F8FFEE701F045FB002820
:1072F00000F0F380A7F10209002504F12406B9FA91
:1073000089F94FEA591902F07DF8A26BE36B9A42B2
:10731000C0F0F080B9F1000F40F0EC80019B002B31
:1073200000F00181002D00F0CB8002F08DF801F01B
:1073300077F902F067F894F84430FF2B02D100236C
:1073400084F8443094F84530FF2B02D1002384F8B0
:10735000453002F079F801A902A801F0BFFA00282F
:1073600040F0E58002F04EF8A26BE36B9A4252D0F7
:1073700002F06AF802F046F894F8452055B2002D64
:1073800004DC11E06A1ED3B255B26BB1636A3046B9
:1073900053B101F04DFA0028F4D001F0E7FA6A1E6B
:1073A000D3B255B2002BF1D1FF2384F8453002F05F
:1073B0004BF802F027F894F8442055B2002D14DD64
:1073C00004F1100A03E06A1ED3B255B26BB123690F
:1073D000504653B101F02CFA0028F4D001F0C6FA5F
:1073E0006A1ED3B255B2002BF1D1FF2384F844308A
:1073F00002F02AF801F01CF9012584E7036C002B48
:107400003FF465AF4FF0500383F31188BFF36F8FE4
:10741000BFF34F8FFEE704F1100A02F015F801994F
:10742000504601F077F901F0EDFF94F845305DB278
:10743000002D04DC11E06B1EDAB25DB26AB1636A42
:10744000304653B101F0F4F90028F4D001F08EFA7F
:107450006B1EDAB25DB2002AF1D1FF2384F8453009
:1074600001F0F2FF01F0CEFF94F844305DB2002D40
:1074700004DC11E06B1EDAB25DB26AB123695046DA
:1074800053B101F0D5F90028F4D001F06FFA6B1E6A
:10749000DAB25DB2002AF1D1FF2384F8443001F062
:1074A000D3FF01F0C5F80028A6D14FF0E0234FF03C
:1074B0008052C3F8042DBFF34F8FBFF36F8F9BE74C
:1074C00002A801F0FFF930E74FF0500383F3118871
:1074D000BFF36F8FBFF34F8FFEE7019B002B3FF48D
:1074E00009AF4FF0500383F31188BFF36F8FBFF3E1
:1074F0004F8FFEE73A4641462046FFF7E7FD636AB5
:10750000002B52D148B14FF0E0234FF08052C3F826
:10751000042DBFF34F8FBFF36F8F01F095FF012054
:1075200004B0BDE8F08701F08FFF4846F8E701F0AE
:1075300069FF94F845305DB2002D10DD04F124069A
:1075400003E06B1EDAB25DB24AB1636A304633B112
:1075500001F06EF90028F4D001F008FAF1E7FF23FA
:1075600084F8453001F070FF01F04CFF94F844308E
:107570005DB2002D10DD04F1100603E06B1EDAB2DF
:107580005DB24AB12369304633B101F051F90028A8
:10759000F4D001F0EBF9F1E7FF2384F8443001F077
:1075A00053FF01F045F80020BAE704F1240001F090
:1075B0003FF90028B1D0A6E700284ED02DE9F041D0
:1075C0000E46044617461D4639B3022D0BD1E36B18
:1075D000012B08D04FF0500383F31188BFF36F8F56
:1075E000BFF34F8FFEE702F03FF8EFF311884FF043
:1075F000500383F31188BFF36F8FBFF34F8FA26BDC
:10760000E36B9A4215D3A5F10200B0FA80F040096D
:1076100078B988F31188BDE8F081036C002BD4D0D1
:107620004FF0500383F31188BFF36F8FBFF34F8F79
:10763000FEE72A4694F84550314620466DB2A36BCA
:10764000FFF744FD6B1C11D06B1C01205BB284F86A
:10765000453088F31188BDE8F0814FF0500383F383
:107660001188BFF36F8FBFF34F8FFEE7636A0BB9CB
:107670000120CEE704F1240001F0DAF80028F7D069
:10768000002FF5D0012318463B60C2E72DE9F043F7
:1076900085B00192002800F05C810F460446002965
:1076A00079D001F069F9002800F0818001F0AAFE8C
:1076B000A56B002D40F03881019B002B00F0D58098
:1076C000A84604F1240602A801F0FCF801F0BCFE73
:1076D00000F0A6FF01F096FE94F84430FF2B01D194
:1076E00084F8448094F84530FF2B01D184F845801C
:1076F00001F0AAFE01A902A801F0F0F8002863D168
:1077000001F080FEA36B002B00F0B58001F09CFE21
:1077100001F078FE94F845305DB2002D04DC11E0F4
:107720006B1EDAB25DB26AB1636A304653B101F0E2
:107730007FF80028F4D001F019F96B1EDAB25DB2BF
:10774000002AF1D1FF2384F8453001F07DFE01F0DD
:1077500059FE94F844305DB2002D14DD04F1100997
:1077600003E06B1EDAB25DB26AB12369484653B1D9
:1077700001F05EF80028F4D001F0F8F86B1EDAB2E0
:107780005DB2002AF1D1FF2384F8443001F05CFEA1
:1077900000F04EFF60E0036C002B82D04FF05003EE
:1077A00083F31188BFF36F8FBFF34F8FFEE7019B09
:1077B000002B3FF47BAF4FF0500383F31188BFF3EE
:1077C0006F8FBFF34F8FFEE701F01CFE94F845303A
:1077D0005DB2002D04DC11E06B1EDAB25DB26AB15D
:1077E000636A304653B101F023F80028F4D001F069
:1077F000BDF86B1EDAB25DB2002AF1D1FF2384F826
:10780000453001F021FE01F0FDFD94F844305DB2F9
:10781000002D14DD04F1100903E06B1EDAB25DB235
:107820006AB12369484653B101F002F80028F4D048
:1078300001F09CF86B1EDAB25DB2002AF1D1FF2391
:1078400084F8443001F000FE00F0F2FE01F0DAFDB1
:10785000A36B53B101F0F8FD01F0D4FDA56B002D31
:1078600062D1019B002B7FF431AF01F0EDFD0020D0
:1078700005B0BDE8F08301F0E7FD0199304600F066
:1078800049FF01F0BFFD94F845305DB2002D04DCE6
:1078900011E06B1EDAB25DB26AB1636A304653B171
:1078A00000F0C6FF0028F4D001F060F86B1EDAB2D9
:1078B0005DB2002AF1D1FF2384F8453001F0C4FD08
:1078C00001F0A0FD94F844305DB2002D14DD04F108
:1078D000100903E06B1EDAB25DB26AB12369484653
:1078E00053B100F0A5FF0028F4D001F03FF86B1E63
:1078F000DAB25DB2002AF1D1FF2384F8443001F0FE
:10790000A3FD00F095FE0028A6D14FF0E0234FF034
:107910008052C3F8042DBFF34F8FBFF36F8F01F078
:1079200071FDA56B002D9CD0226C52B1E168A3685B
:1079300011449942E16001D32168E160384602F0C8
:1079400041F9013DA563236963B901F07DFD012083
:107950008EE74FF0500383F31188BFF36F8FBFF3AF
:107960004F8FFEE704F1100000F062FF0028ECD01A
:107970004FF0E0234FF08052C3F8042DBFF34F8F38
:10798000BFF36F8FE1E700BF2DE9F04184B00191B3
:1079900000285CD0076C044647B14FF0500383F3D6
:1079A0001188BFF36F8FBFF34F8FFEE700F0E4FF46
:1079B0000546002854D03D4604F1240601F022FD7E
:1079C000A36B002B40F04981019B002B00F03A8112
:1079D000002D00F09D8001F037FD00F021FE01F048
:1079E00011FD94F84430FF2B02D1002384F8443079
:1079F00094F84530FF2B02D1002384F8453001F084
:107A000023FD01A902A800F069FF002835D101F08B
:107A1000F9FCA36B002B00F0A48001F015FD01F030
:107A2000F1FC94F845305DB2002D05DC74E06B1E6E
:107A3000DAB25DB2002A6FD0636A3046002B6BD099
:107A400000F0F6FE0028F2D000F090FFEFE74FF0D4
:107A5000500383F31188BFF36F8FBFF34F8FFEE79F
:107A6000019B002B00F0D4804FF0500383F311886A
:107A7000BFF36F8FBFF34F8FFEE701F0C3FC94F8A5
:107A800045305DB2002D04DC11E06B1EDAB25DB250
:107A90006AB1636A304653B100F0CAFE0028F4D0E0
:107AA00000F064FF6B1EDAB25DB2002AF1D1FF2351
:107AB00084F8453001F0C8FC01F0A4FC94F844308F
:107AC0005DB2002D14DD04F1100803E06B1EDAB284
:107AD0005DB26AB12369404653B100F0A9FE0028A7
:107AE000F4D000F043FF6B1EDAB25DB2002AF1D190
:107AF000FF2384F8443001F0A7FC00F099FD01F069
:107B000081FCA36B002B7CD001F09EFC012555E786
:107B100002A800F0D7FE5EE7FF2384F8453001F0AD
:107B200093FC01F06FFC94F844305DB2002D10DD41
:107B300004F1100803E06B1EDAB25DB24AB12369AA
:107B4000404633B100F074FE0028F4D000F00EFF80
:107B5000F1E7FF2384F8443001F076FC00F068FD83
:107B6000D4E701F071FC2368002B62D00199304604
:107B700000F0D0FD01F046FC94F845305DB2002DD8
:107B800004DC0DE06B1EDAB25DB24AB1636A3046C6
:107B900033B100F04DFE0028F4D000F0E7FEF1E72D
:107BA000FF2384F8453001F04FFC01F02BFC94F8E2
:107BB00044305DB2002D10DD04F1100803E06B1EAF
:107BC000DAB25DB24AB12369404633B100F030FE0B
:107BD0000028F4D000F0CAFEF1E7FF2384F8443017
:107BE00001F032FC00F024FD00288FD14FF0E0239B
:107BF0004FF08052C3F8042DBFF34F8FBFF36F8F48
:107C000084E701F021FC2FB9384604B0BDE8F081CB
:107C10000746D1E601F0F6FB616A19B1236B1968DA
:107C2000C1F13801A068002700F042FF01F00CFC10
:107C3000EAE701F0E7FBA06800F0AEFE074601F0BE
:107C400003FC93E7002FF1D04FF0500383F311882A
:107C5000BFF36F8FBFF34F8FFEE7013B2268A36333
:107C60002AB123693BB9012701F0EEFBCCE700F014
:107C700073FFA060F5E704F1100000F0D9FD0028C3
:107C8000F1D04FF0E0234FF08052C3F8042DBFF342
:107C90004F8FBFF36F8FE6E7124B1A687AB19A687D
:107CA00062B11A6992B19A6992B11A6A92B19A6AEA
:107CB00092B11A6B92B19A6B92B17047012203EBA9
:107CC000C20C43F83210CCF8040070470222F6E7E9
:107CD0000322F4E70422F2E70522F0E70622EEE7AA
:107CE0000722ECE7F007002470B505460E4614465F
:107CF00001F088FB95F84430FF2B02D1002385F872
:107D0000443095F84530FF2B02D1002385F84530EB
:107D100001F09AFBAB6B002B43D001F073FB95F89D
:107D200045305CB2002C14DD05F1240603E0631E2F
:107D3000DAB25CB26AB16B6A304653B100F078FDDA
:107D40000028F4D000F012FE631EDAB25CB2002A02
:107D5000F1D1FF2385F8453001F076FB01F052FBAD
:107D600095F844305CB2002C14DD05F1100603E0F8
:107D7000631EDAB25CB26AB12B69304653B100F0CF
:107D800057FD0028F4D000F0F1FD631EDAB25CB2BA
:107D9000002AF1D1FF2385F84430BDE8704001F09E
:107DA00053BB2246314605F1240000F0F7FCB4E74E
:107DB0002DE9F843054601F025FB344A344E13689B
:107DC000013313603368002B32D0324C23683BB34D
:107DD000E86A314F314A32491368013313606B64EA
:107DE0000B68834200D2086000EB8000291D07EB7E
:107DF0008000FFF72FF901F027FB236873B1326889
:107E0000EB6AD26A9A4209D24FF0E0234FF08052D7
:107E1000C3F8042DBFF34F8FBFF36F8FBDE8F88316
:107E20003368E86ADB6A1C4F8342D3D83560D1E7F8
:107E300035601368012B03D0E86A174F154CC9E76A
:107E4000154F3C4607F58C6820461434FFF7F2F8CE
:107E5000A045F9D1DFF86090DFF8608048460D4C0E
:107E6000FFF7E8F84046FFF7E5F80E48FFF7E2F8BD
:107E70000D48FFF7DFF80D48FFF7DCF80C4BE86A18
:107E8000C3F800900B4BC3F80080A3E79C0C0024C0
:107E900030080024F80C00243C080024A80C00241E
:107EA000AC0C0024E40C0024100D0024FC0C002475
:107EB0003408002438080024B00C0024C40C00242A
:107EC0002DE9F0470A9C4FEA820906460D464A46CC
:107ED000A521206B1F46A9F10409DDF8248001F0DB
:107EE000E7FD236B4B4423F00709002D00F087804A
:107EF0002B7884F83430002B3BD06B7884F8353005
:107F0000002B36D0AB7884F8363093B3EB7884F816
:107F1000373073B32B7984F8383053B36B7984F8E6
:107F2000393033B3AB7984F83A3013B3EB7984F852
:107F30003B30F3B12B7A84F83C30D3B16B7A84F8C0
:107F40003D30B3B1AB7A84F83E3093B1EB7A84F82C
:107F50003F3073B12B7B84F8403053B16B7B84F896
:107F6000413033B1AB7B84F8423013B1EB7B84F802
:107F70004330002384F84330089D4FF0000A201D51
:107F8000372DC4F850A028BF3725E562E564C5F158
:107F90003805FFF75BF804F11800FFF757F8514672
:107FA0004FF49072A561C4F878A104F158002461DF
:107FB000646284F87CA101F07BFD124B3A463146A5
:107FC00003F16805E365D033012625660027636663
:107FD00048460D4B0D4DC4E93E530D4BC4F80031DE
:107FE0000B23C4E93C67A4F8043101F0DDF92060FB
:107FF000B8F1000F01D0C8F80040BDE8F08784F860
:108000003450B9E78053002434126DE60E33CDAB03
:10801000ECDE050080B5234D4FF0E02A224F4FF0F3
:108020008059224EDFF888802B685BB301F0EAF9B3
:10803000FB68DC68201DFFF735F83368013B3360CF
:108040002B68013B2B6001F0FFF904F1580001F0AF
:1080500037FD94F87D3163B1012B1ED0022BE3D0A4
:108060004FF0500383F31188BFF36F8FBFF34F8F2F
:10807000FEE7206B01F0F6F8204601F0F3F82B68DC
:10808000002BD3D1D8F80030012BCDD9CAF8049DEC
:10809000BFF34F8FBFF36F8FC6E7204601F0E2F8C2
:1080A000C2E700BFA00C0024100D00249C0C00248B
:1080B0003C0800244A4B2DE9F04F1E6883B001367E
:1080C0001E60002E40D0DFF82CB1DBF800309E425D
:1080D00047D3444F3B681D68002D77D00025DFF85B
:1080E0001891DFF818A1DFF8188122E00191FEF75E
:1080F000D9FFA36A04F11800019913B1FEF7D2FF6A
:108100000199E36AD8F8002003EB8300934209EB5E
:10811000800001D9C8F80030FEF79CFFDAF8002093
:108120003B68E16AD26A1B68914228BF0125002B97
:1081300050D03B68DB68DC686368211D9E420846BE
:10814000D4D2CBF8003011E0264B1A6812680AB37B
:108150004FF0500383F31188BFF36F8FBFF34F8F3E
:10816000FEE70025DFF89090DFF890A0DAF8003005
:108170001D49DB6A03EB83039B0059F803200B685E
:10818000022A28BF0125002B0CBF2846012003B07E
:10819000BDE8F08F154A186811681960144910601D
:1081A0000A6801320A601A68126832B9DFF844B00E
:1081B0004FF0FF33CBF8003087E71B68DFF834B0AF
:1081C000DB68DB685B68CBF800307EE7DFF828907F
:1081D000DFF828A04FF0FF33CBF80030C6E700BF30
:1081E000240D002434080024280D0024380800241D
:1081F000DC0C0024D80C00243C08002430080024A7
:10820000AC0C00242DE9F04F414D83B001F0FAF899
:108210002B68013B2B602B68002B61D13D4B1B6809
:10822000002B5DD03C4E3368002B6ED03B4FDFF807
:10823000FC90DFF8FC80DFF8FCA0F368DC6804F158
:10824000040B04F11800FEF72DFF5846FEF72AFF35
:10825000E36A3A68594603EB8300934209EB8000D6
:1082600000D93B60FEF7F6FED8F80030E26ADB6A20
:108270009A423DD30123CAF800303368002BDCD189
:10828000274B1A681268002A3AD01A68254BD26820
:10829000D26852681A60244E346894B1012706E00F
:1082A000FFF708FF08B1CAF80070013C08D02B683E
:1082B000002BF5D03368013C03F101033360F6D1A4
:1082C0003460DAF800305BB14FF0E0234FF08052B9
:1082D000C3F8042DBFF34F8FBFF36F8F012000E071
:1082E0000020019001F0B0F8019803B0BDE8F08FD4
:1082F0003368002BA1D10A4B1A681268002AC4D136
:10830000084B4FF0FF321A60C5E7DFF828A0C2E73C
:10831000A40C00249C0C0024E40C0024AC0C0024CD
:1083200034080024D80C0024E00C00243C0800246D
:1083300030080024280D002430B587B00B9CD4B140
:108340000C9D7DB14FF4C0750595059DB5F5C07FB9
:108350001AD04FF0500383F31188BFF36F8FBFF330
:108360004F8FFEE74FF0500383F31188BFF36F8FF9
:10837000BFF34F8FFEE74FF0500383F31188BFF335
:108380006F8FBFF34F8FFEE70C9D2C630224029585
:108390000A9D00950C9D85F87D4104AC059D0194D6
:1083A000FFF78EFD0C98FFF703FD049807B030BD72
:1083B0002DE9F043074685B090001546884699465A
:1083C00000F094FEE0B104464FF4C07000F08EFE61
:1083D0000646D0B1046300244B462A4686F87D4108
:1083E00041460D9C3846029601940C9C0094FFF780
:1083F00067FD3046FFF7DCFC012005B0BDE8F083E7
:108400004FF0FF3005B0BDE8F083204600F02AFFB2
:108410004FF0FF30F1E700BF70B50446384D00F073
:10842000F1FF002C48D0261D3046FEF73BFEA36A24
:108430001BB104F11800FEF735FE324A1368013310
:1084400013602B68A3422ED02F4A04F15800136802
:10845000013B136001F034FB94F87D3163B1012BD3
:108460003FD0022B0ED04FF0500383F31188BFF39F
:108470006F8FBFF34F8FFEE7206B00F0F3FE2046B7
:1084800000F0F0FE214B1A681268BAB9204B4FF089
:10849000FF321A6000F0D8FF1E4B1B6813B12B6827
:1084A000A34212D070BD31461B48FEF7D3FD1B4AD4
:1084B000136801331360EDE72C68B4E71A68144BB6
:1084C000D268D26852681A60E4E7154B1B6863B142
:1084D0004FF0500383F31188BFF36F8FBFF34F8FBB
:1084E000FEE7204600F0BEFECCE74FF0E0234FF061
:1084F0008052C3F8042DBFF34F8FBFF36F8F70BD51
:1085000030080024A80C00249C0C0024340800240B
:10851000D80C0024F80C0024100D0024A00C00241A
:10852000A40C002430B58BB0002407AA06A905A826
:10853000CDE9054400F0BCFD059DDDE90632CBB177
:108540007DB14FF4C07109910999B1F5C07F1AD07E
:108550004FF0500383F31188BFF36F8FBFF34F8F3A
:10856000FEE74FF0500383F31188BFF36F8FBFF323
:108570004F8FFEE74FF0500383F31188BFF36F8FE7
:10858000BFF34F8FFEE702212B631E4885F87D1154
:1085900008A9099B23460094CDE901151A49FFF764
:1085A0008FFC2846FFF704FC089BEBB100F078FC39
:1085B00001281BD14FF0500383F31188BFF36F8F55
:1085C000BFF34F8F114B124A1B6812495833136087
:1085D0004FF0FF33104A0B60104B10601C600BB063
:1085E000BDE8304000F0A0BF0BB030BD0130FBD182
:1085F0004FF0500383F31188BFF36F8FBFF34F8F9A
:10860000FEE700BF15800008A49E00083008002483
:1086100078000024D80C0024F80C0024240D002439
:10862000024A136801331360704700BFA40C002492
:10863000064B1B6843B94FF0500383F31188BFF317
:108640006F8FBFF34F8FFEE7FFF7DCBDA40C002454
:10865000014B1868704700BF240D0024054B1B68B0
:108660000BB9FFF727BD044A0020136801331360DC
:10867000704700BFA40C0024E00C00241F4B1B68B3
:108680001BB11F4B01221A6070471D4A1D4910B4CF
:108690001D4C1360236803EB8302980092008A58F4
:1086A00042B9F3B1013B03EB8302980051F8222059
:1086B000002AF6D0184401EB800CDCF80410624666
:1086C000496808329142CCF8041013D00F4AC868A8
:1086D0000F491060236013685DF8044B58330B603A
:1086E00070474FF0500383F31188BFF36F8FBFF3D0
:1086F0004F8FFEE74968CCF80410E7E7A40C00248C
:10870000280D00243C080024AC0C00243008002470
:1087100078000024F0B170B51A4D0C462968183164
:10872000FEF7A8FC184B1E6828680430FEF7BAFC58
:10873000631C20D0A4192B685C6014D2134B1868FA
:1087400029680431FEF796FC114B1A68944200D256
:108750001C6070BD4FF0500383F31188BFF36F8F1F
:10876000BFF34F8FFEE70B4B18682968BDE87040D8
:108770000431FEF77FBC296807480431BDE870402A
:10878000FEF768BC30080024240D002434080024BF
:10879000D80C002438080024FC0C002458B370B511
:1087A0001D4E0C46154631681831FEF753FC65B175
:1087B0001A4B1B6830680430FEF774FC31681848A7
:1087C0000431BDE87040FEF745BC144B1D683068AD
:1087D0000430FEF767FC641933685C6014D2114BF7
:1087E000186831680431FEF745FC0F4B1A68944253
:1087F00000D21C6070BD4FF0500383F31188BFF3AB
:108800006F8FBFF34F8FFEE7084B18683168BDE8E4
:1088100070400431FEF72EBC30080024240D0024E3
:10882000FC0C002434080024D80C00243808002450
:10883000C36830B5DC6883B05CB304F11805284622
:10884000FEF730FC194B1B687BB129461848FEF730
:1088500001FC184BE26A1B68DB6A9A4222D90123A9
:10886000154A1846136003B030BD211D084601911A
:10887000FEF718FC114AE36A10680199834200D997
:10888000136003EB83030E4800EB8300FEF7E2FB6B
:10889000DFE74FF0500383F31188BFF36F8FBFF30F
:1088A0004F8FFEE7002003B030BD00BFA40C0024B2
:1088B000E40C002430080024280D0024AC0C002413
:1088C0003C080024034A044B12681B68C0E90023DB
:1088D000704700BFDC0C0024240D002428B3F0B541
:1088E0000D4683B0C1B1044600F08CFD2B681D4AD3
:1088F000581C116830D0DFF870C02668DCF80070B2
:108900006068BE421AD0884218D80120019000F059
:108910009BFD019803B0F0BD4FF0500383F3118825
:10892000BFF36F8FBFF34F8FFEE74FF0500383F31A
:108930001188BFF36F8FBFF34F8FFEE7A1EB000EDF
:1089400073450BD95B1ADCF8001012680344002051
:108950002B60C4E90012D9E70020D7E700230120EB
:108960002B60D3E7240D0024DC0C0024014B0122F2
:108970001A607047280D0024054B1B6833B1054B66
:108980001868B0FA80F04009400070470120704735
:10899000F80C0024A40C002470B5044682B0C8B1C1
:1089A0001D4DC36A2A68D26A934215D28269002A91
:1089B00004DB2A68D26AC2F138028261174E03EBE7
:1089C0008303626906EB83039A420ED02B68012071
:1089D000DB6AE36202B070BD2B68C06CDB6A984250
:1089E0002CBF0020012002B070BD211D084601915E
:1089F000FEF758FB2A680A4BD06A1A680199904220
:108A0000E06200D9186000EB800006EB8000FEF702
:108A100021FB0120DEE700BF300800243C080024D1
:108A2000AC0C002418B31F4B10B51C6882B08442F4
:108A300008D04FF0500383F31188BFF36F8FBFF35B
:108A40004F8FFEE7236D4BB1E16A013BE26C23657A
:108A5000914200D06BB1002002B010BD4FF0500326
:108A600083F31188BFF36F8FBFF34F8FFEE70020B2
:108A70007047211D08460191FEF714FBE06C0A4B7C
:108A8000C0F138020199E062A2611A68904200D9EF
:108A90001860064B00EB800003EB8000FEF7DAFA6B
:108AA0000120D9E730080024AC0C00243C08002445
:108AB000002840D0036D30B5044683B053B1C06C7C
:108AC000E26A814238BF0146012B01D18A420AD1B4
:108AD00003B030BD4FF0500383F31188BFF36F8FA5
:108AE000BFF34F8FFEE7194B1B68A34224D0A36945
:108AF000E162002B02DBC1F13801A161144D02EBF0
:108B00008202616905EB82039942E1D1211D084689
:108B10000191FEF7C7FA0F4BE06A1A68019990427B
:108B200000D9186000EB800005EB800003B0BDE8C1
:108B30003040FEF78FBA70474FF0500383F311882F
:108B4000BFF36F8FBFF34F8FFEE700BF30080024E5
:108B50003C080024AC0C0024044B1A681AB11968B4
:108B60000A6D01320A651868704700BF300800249A
:108B70002DE9F043224E85B0DFF88C904FF00008CD
:108B80000DE0DB68DC681F68251D2846FEF78AFAC1
:108B9000236A2046984794F828305B070AD4336844
:108BA0001A68002AEDD1174A11681360316005B0C8
:108BB000BDE8F083A36929463B449F4205D2306853
:108BC00063602461FEF756FAE9E7D9F800306BB12B
:108BD0000294CDE90087FFF7CFFE00236946D9F85C
:108BE00000001A46FEF766FB0028D8D14FF050036C
:108BF00083F31188BFF36F8FBFF34F8FFEE700BF82
:108C00002C0D0024300D0024500E00242DE9F04FCF
:108C10009F4E89B09F4D4FF0E0299F4C33681F68ED
:108C2000002F00F0B280DB681F68FFF7F9FCFFF748
:108C30000FFD2A6882469042C0F0AF8087422860CC
:108C400000F2D080FFF7F4FC3268D268D2F80CB0A2
:108C50000BF104084046FEF725FA9BF8280041076F
:108C600000F1D08020F001008BF82800DBF82030E4
:108C700058469847002269462068FEF707FD0028FD
:108C8000CCD0009B002B77DB029F7B6913B1381D92
:108C9000FEF708FAFFF7DCFC2B6880469842C0F02C
:108CA0008380009BC5F80080092BE3D8DFE803F040
:108CB000050505543E5B0505543E97F82830BA6912
:108CC00043F001033F6187F82830019B99182CBFBE
:108CD000012000204145796000F28680A8EB030363
:108CE0009A4200F2C0803B6A3846984797F828308D
:108CF0005B07BFD522680199BB6972B10B44CDE90E
:108D0000053700230493FFF737FE002304A92068EA
:108D10001A46FEF7CFFA0028ACD14FF0500383F388
:108D20001188BFF36F8FBFF34F8FFEE797F828309E
:108D300043F0010387F82830019BBB61002B00F052
:108D40009E804344391D3F6143457B6056D8534B59
:108D50001868FEF78FF98DE797F8283023F00103A4
:108D600087F8283086E797F828309A0772D523F0DD
:108D7000010387F828307DE7019BDDE90201984770
:108D8000009B002BFFF676AF7EE7FFF749FCFFF76D
:108D90005FFC2A688246824209D9FFF7E9FEC5F8DE
:108DA00000A0FFF745FC65E7FFF7E2FE79E73B4BE4
:108DB000C5F800A01A681268B2FA82F25209A7EB4D
:108DC0000A012068FEF790FFFFF732FC00287FF4CD
:108DD00051AF4FF08053C9F8043DBFF34F8FBFF33D
:108DE0006F8F47E70022EAE7434502D900283FF4A6
:108DF0007AAF391D3068FEF73DF93BE73068FEF782
:108E000039F937E7DBF81820CBF810B0B8188245ED
:108E1000CBF8040022D3AAEB07039A4229D823688F
:108E20007BB100230597CDF818B00493FFF7A4FD9C
:108E3000002304A920681A46FEF73CFA00287FF4B4
:108E400015AF4FF0500383F31188BFF36F8FBFF35B
:108E50004F8FFEE7384600F005FA0BE741463068D1
:108E6000FEF708F902E70D4B391D1868FEF702F905
:108E700000E70A4B41461868FEF7FCF8F6E64FF0AB
:108E8000500383F31188BFF36F8FBFF34F8FFEE75B
:108E90002C0D0024FC0D0024500E0024300D002465
:108EA000F0B5234C89B000F0ADFA256835B300F079
:108EB000CBFA2368CBB1002407AA06A905A82D2563
:108EC000CDE9054400F002F92346079A0095DDE953
:108ED0000501CDE9011017491748FFF72DFA174B87
:108EE000186010B1012009B0F0BD4FF0500383F3BA
:108EF0001188BFF36F8FBFF34F8FFEE7104F114EF6
:108F00003846FEF797F83046FEF794F80E4A00957B
:108F1000102117600A200D4A0D4B16600D4AFEF70E
:108F200017F920600028C2D00B49FEF7B5FEBEE756
:108F3000500E0024B49E00080D8C0008540E00242E
:108F4000D40D0024E80D00242C0D0024300D002445
:108F5000000E0024340D0024AC9E00082DE9F04FD3
:108F6000074685B02C20884616461D4600F0BEF800
:108F70000446E8B1002380F82830B8F1000F1BD078
:108F8000DFF89C9000F03EFAD9F80030EBB100F029
:108F90005BFA0E9B201D27602362C4E90685FEF75D
:108FA00055F82EB194F8283043F0040384F82830A3
:108FB000204605B0BDE8F08F4FF0500383F31188D1
:108FC000BFF36F8FBFF34F8FFEE7DFF858B0DFF8C6
:108FD00058A058460393FEF72DF85046FEF72AF89E
:108FE000039B0A4A102100930A20094BC3F800B0E2
:108FF000084BC3F800A0084BFEF7AAF8C9F8000018
:109000000028C4D00549FEF747FEC0E7340D002410
:109010002C0D0024300D0024000E0024AC9E00080E
:10902000500E0024D40D0024E80D0024C8B170B502
:10903000174E84B034688CB105290290CDE9001236
:1090400018DCFFF799FC02284FF000031AD069469C
:109050001A463068FEF72EF904B070BD204604B001
:1090600070BD4FF0500383F31188BFF36F8FBFF3D0
:109070004F8FFEE71A46694600232046FEF79CFA0A
:1090800004B070BD089A69463068FEF713F9E6E748
:10909000500E002408B54FF0E0231B69FFF76CFC6D
:1090A000012800D108BDBDE8084000F013BA00BF98
:1090B000044B10B403608023034C0C605DF8044B38
:1090C0001360704758100024580E0024054B10B44C
:1090D00003604FF48073044C0C605DF8044B136024
:1090E000704700BFD8150024D81100242DE9F041A5
:1090F0000546FFF795FA544A1668002E6DD0534B7B
:109100001F683D422ED16DB305F108046D0702D0F2
:1091100024F0070408342CB3DFF844E1DEF800C083
:10912000A4451FD34A48036803E01A6822B11846D1
:1091300013465968A142F8D3B34213D01D460A1B07
:1091400055F8088B102AC0F8008028D9191948074B
:109150000ED04FF0500383F31188BFF36F8FBFF32E
:109160004F8FFEE70025FFF763FA2846BDE8F08140
:109170004A60374A5C60144612689142FBD86068C6
:1091800004EB000841454BD0D1F8048001EB080006
:10919000824251D08C420A6018BF216059682D4824
:1091A000ACEB010239430468CEF80020A24238BF7C
:1091B00002600020284AC3E90001136801331360EC
:1091C000FFF736FA6B07D0D04FF0500383F31188C6
:1091D000BFF36F8FBFF34F8FFEE7204B5E0718D1B1
:1091E00003F570561946083E4FF00047184826F020
:1091F00007061660F31A174A1360194A1360134AD8
:1092000017600022C0E90012C6E90022C1E900632C
:1092100077E7D91D03F5705621F007010B46E2E709
:10922000496800EB010804EB0801C4F804808A4295
:1092300001D02260B2E72146B242ABD0506812683A
:1092400040444860A6E700BF581700245C53002440
:109250007053002464530024685300245C170024D6
:1092600060530024D0B12C4A50F8043C12681342D9
:109270000BD050F8081C91B14FF0500383F31188C4
:10928000BFF36F8FBFF34F8FFEE74FF0500383F3B1
:109290001188BFF36F8FBFF34F8FFEE7704723EA4C
:1092A000020330B583B040F8043CA0F108041B4D24
:1092B0000190FFF7B5F901982A6850F8041C184B83
:1092C0000A442A601A461B689C42FBD8506802EB8D
:1092D000000C64450FD06018834214D0A242236072
:1092E00018BF14600F4A13680133136003B0BDE860
:1092F0003040FFF79DB9014450185160834201D0BE
:109300001360EFE71446084800688342E6D0D3E9CB
:10931000003001446160E1E75C53002460530024A5
:10932000705300246C530024581700240848006828
:10933000006880F308884FF0000080F3148862B65C
:1093400061B6BFF34F8FBFF36F8F00DF00BF000028
:1093500008ED00E0DFF80C00016841F470010160E5
:109360007047000088ED00E00E4B82B000221B68C1
:109370000192013308D04FF0500383F31188BFF3FB
:109380006F8FBFF34F8FFEE74FF0500383F31188C9
:10939000BFF36F8FBFF34F8F019B002BFCD002B048
:1093A000704700BF20000024034621F00101094856
:1093B00010B44FF0807443F80C0C43F8202CA3F148
:1093C000440043E902146FF002015DF8044B43F8D6
:1093D000241C704769930008000000000000000092
:1093E000074B19680868B0E8F04F80F30988BFF3AD
:1093F0006F8F4FF0000080F311887047AFF300804B
:10940000300800244FF0500383F31188BFF36F8FAF
:10941000BFF34F8F0B4A13680133012B136000D049
:1094200070474FF0E023D3F8043DDBB2002BF7D0B8
:109430004FF0500383F31188BFF36F8FBFF34F8F4B
:10944000FEE700BF20000024084A136843B94FF02C
:10945000500383F31188BFF36F8FBFF34F8FFEE785
:10946000013B13600BB983F311887047200000247F
:10947000EFF30980BFF36F8F154B1A681EF0100FC2
:1094800008BF20ED108A20E9F04F10602DE9090097
:109490004FF0500080F31188BFF34F8FBFF36F8FF1
:1094A000FFF7ECF84FF0000080F3118809BC196851
:1094B0000868B0E8F04F1EF0100F08BFB0EC108A3B
:1094C00080F30988BFF36F8F704700BFAFF3008050
:1094D0003008002408B54FF0500383F31188BFF320
:1094E0006F8FBFF34F8FFFF7B9F828B14FF0E0232C
:1094F0004FF08052C3F8042D002383F3118808BD78
:109500004FF0E02200230648136106499361036887
:109510000720A1FB03139B09013B536110617047B6
:1095200024000024D34D62104FF0E023484AD3F8C2
:10953000001D914241D0D3F8002D464B9A4233D0C2
:10954000454BFF20454970B51A7884B0444CD2B2DF
:109550000292072218701B782260DBB28DF8073068
:109560009DF807309DF8072003F0500310060B709C
:1095700011D506229DF807301046013A5B00DBB298
:109580008DF807309DF807100906F3D403282060F2
:109590008DF807301AD04FF0500383F31188BFF3D2
:1095A0006F8FBFF34F8FFEE74FF0500383F31188A7
:1095B000BFF36F8FBFF34F8FFEE74FF0500383F37E
:1095C0001188BFF36F8FBFF34F8FFEE7029B4FF001
:1095D000E0254FF44071204ADBB2224E2160002486
:1095E0001370D5F8203D43F47003C5F8203DD5F83D
:1095F000203D43F07043C5F8203DFFF781FF346004
:10960000FFF7A8FED5F8343F43F04043C5F8343F98
:10961000FFF78CFEFFF732F833680394013308D06C
:109620004FF0500383F31188BFF36F8FBFF34F8F59
:10963000FEE74FF0500383F31188BFF36F8FBFF342
:109640004F8F039B002BFCD0002004B070BD00BFE7
:1096500071C20F4170C20F4100E400E07853002452
:109660007C53002420000024EFF305830F2B0ED938
:109670001149124A5B5C12789A4208D94FF05003A4
:1096800083F31188BFF36F8FBFF34F8FFEE74FF067
:10969000E0230B4AD3F80C3D126803F4E0639342D5
:1096A00008D94FF0500383F31188BFF36F8FBFF3D6
:1096B0004F8FFEE7704700BFF0E300E078530024CF
:1096C0007C5300242249234AD1F8883043F47003A4
:1096D00010B4C1F88830136803F00F03062B05D8C7
:1096E000136823F00F0343F0070313601A4B0024A1
:1096F0001A4A1968174841F0010119601C6119687C
:109700000A401A6003681B0705D5036823F00F039E
:1097100043F007030360104B00221149114C12481B
:109720009A61DA611A629C6243F2D204D8621963C8
:109730005A639963DA6319645A6419680B4821F40F
:10974000802119601A6604605DF8044B704700BF01
:1097500000ED00E000200052004402587FEDF6EAE0
:1097600080020101000202020000FF0100400052DD
:10977000DFF834D0FFF7A6FF0C480D490D4A00234F
:1097800002E0D458C4500433C4188C42F9D30A4AB6
:109790000A4C002301E013600432A242FBD300F024
:1097A000EBF9F6F7E1FE7047000005240000002405
:1097B0007C000024E89E000840010024C0540024DE
:1097C000FEE700000000000008B52DED048BB0EEB0
:1097D000409BB0EE418B00F01FF8B4EE489BF1EED9
:1097E00010FA06D69FED0A9BB4EE498BF1EE10FA03
:1097F00002D0BDEC048B08BD00F0B8F989EE090B6E
:10980000BDEC048B2123036008BD00BFAFF30080D3
:1098100000000000000000002DE9F04385B08DED50
:10982000001BDDE9007C2CF0004050EA07038DEDC1
:10983000020B2FD0039B984A23F0004E964529DC5B
:109840007A4296493A4340EAD2728A4222D8DDF8F7
:10985000089086453C464A4603F0004606DCC0F2C6
:10986000C780B945C0F0C48000F0FD808B49194025
:10987000D9B9BEF1000F40F0DF80B9F1000F4D46BD
:1098800040F30881A1F213416D00002D01F1FF3179
:10989000FADC0EE09DED027B9DED006B27EE067B72
:1098A00087EE070B05B0BDE8F0834FEA2E51A1F219
:1098B000FF317A4D0CEA050585B9002840F0AD80EE
:1098C000002FB84640F3E480A5F213454FEA48085C
:1098D000B8F1000F05F1FF35F8DC02E00515A5F23F
:1098E000FF35DFF8BC81414572DBC3F3130343F45A
:1098F0008013DFF8ACE1754559DBCCF3130C4CF465
:10990000801CD01B491B0BD11DE050EA0E0345D033
:109910004FEADE73013903EB40034FEA4E0211D0E8
:10992000A3EB0C00944288BF00F1FF300028A2EBAB
:10993000040E4FEAD277E8DA013907EB43034FEA26
:109940004202EDD1101BA3EB0C0C944288BF0CF12A
:10995000FF3CBCF1000FA4BF0246634653EA02017C
:1099600005D11BE0D10F01EB43035200013DB3F5DC
:10997000801FF7DB4A498D426ADA491B142978DCDB
:1099800005F21E40CA4003FA00F043FA01F1104309
:109990000E433346024643EC102B83E7414BF60F50
:1099A00003EBC60393ED000B05B0BDE8F083AEEB0F
:1099B00005041F2C25DD3C48491BA0EB050C07FACC
:1099C0000CFC18BF0024ABD1A3EB0C0C1046C0E775
:1099D000A8EB0108B8F11F0F0DDC01F21E430EFACF
:1099E00008FE29FA03F309FA08F243EA0E0380E7B6
:1099F0009DED020B56E72C4B5B1A09FA03F300228C
:109A000077E705F21E4C00FA04FE27FA0CFC07FA71
:109A100004F44CEA0E0C101B74E74FEAC028B8F1AE
:109A2000000F1F4D7FF75DAF4FEA4808B8F1000FF8
:109A300005F1FF35F8DC54E74FEACE25002D184933
:109A40007FF737AF6D00002D01F1FF31FADC30E711
:109A5000A3F58013334305F2FF3543EA0551104661
:109A600041EC100B1EE70F4B03EB167393ED000B4D
:109A700018E71F2907DC05F21E4022FA01F103FA5C
:109A800000F0084385E70848401B43FA00F080E7F0
:109A9000064D26E705490CE7FFFFEF7F0000F07F4A
:109AA00002FCFFFFD09E0008E2FBFFFFEDFBFFFF83
:109AB00002440346934200D1704703F8011BF9E7C3
:109AC000294B1B68834270B504464BD0C36943B130
:109AD000DB68002B44D1E369196811B1204600F01E
:109AE0007FF8616911B1204600F07AF8E16911B19F
:109AF000204600F075F8216B11B1204600F070F897
:109B0000616B11B1204600F06BF8A16B11B12046DA
:109B100000F066F8A16C11B1204600F061F8616CAC
:109B200011B1204600F05CF8E16A11B1204600F066
:109B300057F8236AB3B12046BDE870401847495929
:109B400041B90435E369802DD968F8D1204600F089
:109B500047F8C0E70E68204600F042F83146EFE7CC
:109B60000025EFE770BD00BF78000024014B1868A6
:109B7000704700BF7800002470B50D4D0D4C641B7C
:109B8000A4100026A64209D10B4D0C4C00F080F821
:109B9000641BA4100026A64205D170BD55F8043BF5
:109BA00098470136EEE755F8043B98470136F2E74F
:109BB000E09E0008E09E0008E09E0008E49E000889
:109BC000704770470A44914200F1FF3300D170475B
:109BD00010B511F8014B03F8014F9142F9D110BDB6
:109BE00037B5002944D051F8043C0190002BA1F175
:109BF0000404B8BFE41800F03FF81E4A0198136847
:109C000033B96360146003B0BDE8304000F03AB887
:109C1000A34208D9256861198B4201BF19685B68A6
:109C200049192160EDE71A465B680BB1A342FAD9E6
:109C300011685518A5420BD1246821445418A34239
:109C40001160E0D11C685B6853600C441460DAE773
:109C500002D90C230360D6E7256861198B4204BF43
:109C600019685B68636004BF491921605460CAE7E2
:109C700003B030BDBC5400240148FFF7A1BF00BFB2
:109C8000B85400240148FFF79CBF00BFB85400241B
:109C9000F8B500BFF8BC08BC9E467047F8B500BFD9
:089CA000F8BC08BC9E467047A9
:109CA80000000000000000000000000000000000AC
:109CB8000000000001000000020000000300000096
:109CC8000400000000000000050000000000000083
:109CD8000000000000000000060000000000000076
:109CE800000000000000000007000000F001002450
:109CF800000000000000F03F0000000000002640C7
:109D08000000000000002640000000000000244081
:109D18000000000000405540CCCCCCCCCCDC5840F6
:109D28003BDF4F8D974D7840946588635DEC194013
:109D38000000000000002440000000000000244053
:109D48000000000000002440676666666699A94026
:109D5800A86161A8A86161A8A86161A8A86161A8B3
:109D6800A86161A8A86161A8A86161A8A86161A8A3
:109D7800CC0C3DCC0C340E0334CC0C0E0361A86122
:109D8800A861A861A861A861A861A861A861A86183
:109D9800A861A861A861A861A861A861A8000100DC
:109DA80001000000000000000000000000606D409D
:109DB80000000000008052400000000000006540E4
:109DC80000000000004052400000000000C0574062
:109DD8000000000000406140426173657261746573
:109DE8000000000054696D65723100000800000031
:109DF800000000000000000000000000000000005B
:109E0800000000000000000000000000000000004A
:109E18000000000000000000000000001800000022
:109E2800000000000000000000000000100000001A
:109E380000000000010203040102030406070809E8
:109E48000001020304050607080C1014182030400E
:109E580003000000020000000200000002000000F1
:109E680001000000010000000200000001000000E5
:109E780002000000040000000600000008000000C6
:109E88000A0000000C000000100000002000000084
:109E980040000000800000000001000049444C45DB
:109EA80000000000546D725100000000546D7220D3
:109EB800537663000000000001020304010203045A
:109EC800060708090000000000000000000000006C
:089ED800000000000000008002
:049EE000390300083A
:049EE400110300085E
:109EE8000100000000000000000000000000F07FFA
:109EF800000000000000F0FF01000000100000005A
:109F0800AAAAAAAA0090D0030090D00300000000DB
:109F180080530024E853002450540024000000001B
:109F28000000000000000000000000000000000029
:109F38000000000000000000000000000000000019
:109F48000000000000000000000000000000000009
:0C9F580000000000000000002C000024AD
:109F640000000000000000000000000000000000ED
:109F740000000000000000000000000000000000DD
:109F840000000000000000000000000000000000CD
:109F940000000000000000000000000000000000BD
:109FA40000000000000000000000000000000000AD
:109FB400000000000000000000000000000000009D
:109FC400000000000000000000000000000000008D
:109FD400000000000000000000000000000000007D
:109FE400000000000000000000000000000000006D
:109FF400000000000000000000000000000000005D
:10A00400000000000000000000000000000000004C
:10A01400000000000000000000000000000000003C
:0400000508009771E7
:00000001FF
